id,x,y,datetime,gps.accuracy,var,season
CrAc77,615579.3937,1250748.148,2021-02-16T18:15:00Z,5,5.53E-05,s1
CrAc11,614281.6249,1251354.933,2021-02-16T22:17:00Z,5,5.53E-05,s1
CrAc77,614981.6638,1250942.839,2021-02-17T06:57:00Z,5,5.53E-05,s1
CrAc11,614268.7649,1251368.92,2021-02-17T07:33:00Z,5,5.53E-05,s1
CrAc77,614981.6638,1250942.839,2021-02-17T17:00:00Z,5,5.53E-05,s1
CrAc11,614263.7998,1251394.317,2021-02-17T21:00:00Z,5,5.53E-05,s1
CrAc11,614452.9059,1251141.372,2021-02-18T07:24:00Z,5,5.53E-05,s1
CrAc11,614433.4038,1251221.827,2021-02-18T14:24:00Z,5,5.53E-05,s1
CrAc11,614265.1669,1251331.129,2021-02-19T01:36:00Z,5,5.53E-05,s1
CrAc11,614352.8681,1251214.246,2021-02-19T09:34:00Z,5,0.06412388,s1
CrAc11,614355.6109,1251200.138,2021-02-19T17:02:00Z,5,0.225309726,s1
CrAc11,614953.1508,1250980.337,2021-02-19T21:37:00Z,5,0.232220001,s1
CrAc11,614465.3219,1251183.769,2021-02-20T07:56:00Z,5,0.258475617,s1
CrAc77,614177.2278,1251562.576,2021-02-20T17:15:00Z,5,0.281434598,s1
CrAc11,614289.5002,1251336.238,2021-02-21T08:23:00Z,5,0.304231698,s1
CrAc11,614248.7875,1251347.141,2021-02-21T16:51:00Z,5,0.232220001,s1
CrAc4,617088.5666,1250240.508,2021-02-21T22:01:00Z,5,0.258475617,s1
CrAc11,614432.2931,1251209.342,2021-02-22T10:50:00Z,5,0.281434598,s1
CrAc11,614447.0498,1251203.531,2021-02-22T15:20:00Z,5,0.461976513,s1
CrAc4,617074.8403,1250186.928,2021-02-22T16:41:00Z,5,3.113115902,s1
CrAc4,616969.122,1250212.413,2021-02-22T20:55:00Z,5,3.113115902,s1
CrAc11,614230.4335,1251314.235,2021-02-23T10:43:00Z,5,0.493763224,s1
CrAc11,614341.5122,1251290.596,2021-02-23T16:10:00Z,5,3.038744081,s1
CrAc4,617016.5055,1250246.879,2021-02-23T20:38:00Z,5,0.294942478,s1
CrAc4,617033.9303,1250230.564,2021-02-23T21:00:00Z,5,3.033069526,s1
CrAc11,614316.8654,1251265.017,2021-02-24T10:08:00Z,5,0.070157416,s1
CrAc11,614331.0793,1251315.453,2021-02-24T15:45:00Z,5,3.017415204,s1
CrAc11,614436.7063,1251198.639,2021-02-24T20:37:00Z,5,0.071698652,s1
CrAc11,614349.6982,1251219.917,2021-02-25T09:29:00Z,5,1.191653901,s1
CrAc4,617039.5718,1250175.472,2021-02-25T13:44:00Z,5,0.079291148,s1
CrAc11,614461.2775,1251191.455,2021-02-25T16:04:00Z,5,0.008867271,s1
CrAc77,614195.0234,1251469.743,2021-02-25T18:00:00Z,5,0.081358895,s1
CrAc11,614510.3331,1251197.714,2021-02-26T16:35:00Z,5,0.007608415,s1
CrAc11,614436.3972,1251206.134,2021-02-26T21:19:00Z,5,0.089958639,s1
CrAc4,616991.1133,1250182.812,2021-02-27T08:28:00Z,5,0.090839025,s1
CrAc11,614502.5448,1251193.014,2021-02-27T09:54:00Z,5,0.006664272,s1
CrAc11,614513.6193,1251194.408,2021-02-27T14:51:00Z,5,0.564805483,s1
CrAc4,616945.1175,1250203.768,2021-02-28T08:22:00Z,5,0.00592994,s1
CrAc11,614479.4765,1251201.617,2021-02-28T09:59:00Z,5,0.005342473,s1
CrAc4,616942.5907,1250165.045,2021-02-28T16:44:00Z,5,1.568271853,s1
CrAc11,614440.4977,1251193.039,2021-03-01T00:02:00Z,5,2.163907607,s2
CrAc11,614513.6193,1251194.408,2021-03-02T08:45:00Z,5,0.005342473,s2
CrAc11,614439.4654,1251184.549,2021-03-02T21:31:00Z,5,0.005342473,s2
CrAc11,614447.1891,1251215.037,2021-03-03T10:06:00Z,5,6.909349504,s2
CrAc11,614478.0826,1251211.769,2021-03-03T15:07:00Z,5,0.005342473,s2
CrAc11,614458.2449,1251147.592,2021-03-03T21:25:00Z,5,10.02721407,s2
CrAc11,614310.4602,1251324.845,2021-03-04T08:41:00Z,5,0.005342473,s2
CrAc77,615624.2433,1250720.662,2021-03-05T06:45:00Z,5,6.0436353,s1
CrAc11,614312.6683,1251377.335,2021-03-05T07:40:00Z,5,3.721481598,s2
CrAc11,614307.8824,1251395.994,2021-03-05T17:35:00Z,5,0.110873757,s2
CrAc77,615629.6323,1250739.483,2021-03-05T18:36:00Z,5,0.239726948,s1
CrAc11,614306.629,1251384.001,2021-03-06T10:40:00Z,5,2.717051086,s2
CrAc11,614280.1697,1251465.624,2021-03-06T21:15:00Z,5,0.234905271,s2
CrAc11,614297.757,1251386.123,2021-03-07T09:58:00Z,5,0.864218677,s2
CrAc11,614250.0784,1251319.176,2021-03-07T15:07:00Z,5,0.234014554,s2
CrAc11,614332.5128,1251215.983,2021-03-07T19:18:00Z,5,0.129407345,s2
CrAc11,614445.931,1251199.694,2021-03-08T10:19:00Z,5,0.237244561,s2
CrAc11,614346.3531,1251310.532,2021-03-08T18:16:00Z,5,0.15642163,s2
CrAc11,614465.0435,1251207.805,2021-03-09T10:19:00Z,5,0.22350038,s2
CrAc11,614410.4835,1251187.44,2021-03-09T15:02:00Z,5,0.174390664,s2
CrAc11,614472.1531,1251192.047,2021-03-09T23:02:00Z,5,0.213103056,s2
CrAc11,614495.2601,1251193.12,2021-03-10T09:25:00Z,5,0.211301318,s2
CrAc11,614549.7199,1251171.313,2021-03-10T20:32:00Z,5,0.204568671,s2
CrAc11,614345.2857,1251264.582,2021-03-11T10:32:00Z,5,0.237596056,s2
CrAc11,614530.3718,1251147.698,2021-03-11T16:11:00Z,5,0.201662923,s2
CrAc11,614339.9408,1251273.046,2021-03-11T20:34:00Z,5,0.24338743,s2
CrAc11,614355.4539,1251292.47,2021-03-12T11:44:00Z,5,0.281869349,s2
CrAc11,614339.6262,1251295.224,2021-03-12T17:55:00Z,5,0.185437382,s2
CrAc11,614535.4677,1251188.957,2021-03-14T08:32:00Z,5,0.17274435,s2
CrAc11,614373.297,1251284.82,2021-03-14T16:37:00Z,5,0.201280588,s2
CrAc11,614366.8147,1251288.155,2021-03-14T21:29:00Z,5,0.097691423,s2
CrAc11,614365.6238,1251314.094,2021-03-15T09:13:00Z,5,0.097691423,s2
CrAc11,614365.6238,1251314.094,2021-03-15T09:14:00Z,5,0.097691423,s2
CrAc11,614369.3368,1251297.696,2021-03-15T16:37:00Z,5,0.097691423,s2
CrAc11,614542.0083,1251191.192,2021-03-15T21:46:00Z,5,0.447623957,s2
CrAc11,614361.3737,1251292.777,2021-03-16T11:36:00Z,5,0.703700713,s2
CrAc11,614329.89,1251307.292,2021-03-16T16:12:00Z,5,0.260705741,s2
CrAc11,614315.8727,1251318.716,2021-03-16T20:20:00Z,5,1.170455079,s2
CrAc11,614361.2419,1251306.273,2021-03-17T10:08:00Z,5,0.360712795,s2
CrAc11,614380.5258,1251263.172,2021-03-17T12:50:00Z,5,2.077839521,s2
CrAc11,614371.8552,1251304.618,2021-03-18T16:51:00Z,5,0.912566791,s2
CrAc11,614313.3725,1251337.458,2021-03-18T21:45:00Z,5,3.908779381,s2
CrAc11,614467.7715,1251196.455,2021-03-19T16:48:00Z,5,1.534395875,s2
CrAc11,614313.4162,1251325.293,2021-03-20T03:32:00Z,5,4.389539077,s2
CrAc11,614331.3315,1251309.026,2021-03-20T17:10:00Z,5,2.173770683,s2
CrAc11,614343.3398,1251304.207,2021-03-20T20:43:00Z,5,1.539079617,s2
CrAc11,614347.5872,1251291.121,2021-03-21T15:44:00Z,5,0.724492159,s2
CrAc11,614330.5733,1251410.51,2021-03-22T01:38:00Z,5,1.534526621,s2
CrAc11,614345.1008,1251289.017,2021-03-22T10:15:00Z,5,0.258778626,s2
CrAc11,614366.1954,1251291.829,2021-03-22T15:43:00Z,5,1.506310451,s2
CrAc11,614357.3014,1251310.932,2021-03-23T10:57:00Z,5,1.408619732,s2
CrAc11,614339.0631,1251358.477,2021-03-23T15:13:00Z,5,0.003786842,s2
CrAc11,614390.6819,1251279.288,2021-03-24T10:30:00Z,5,0.003786842,s2
CrAc11,614390.6819,1251279.288,2021-03-24T20:30:00Z,5,0.699919127,s2
CrAc11,614441.5534,1251202.996,2021-03-25T10:53:00Z,5,5.53E-05,s2
CrAc11,614361.1578,1251299.469,2021-03-29T17:11:00Z,5,0.004619195,s2
CrAc11,614373.2545,1251295.278,2021-03-29T20:19:00Z,5,5.53E-05,s2
CrAc11,614280.7021,1251364.396,2021-03-30T08:05:00Z,5,0.00577691,s2
CrAc11,614353.0064,1251280.896,2021-03-30T17:21:00Z,5,5.53E-05,s2
CrAc11,614348.5236,1251276.2,2021-03-31T10:51:00Z,5,0.002124844,s2
CrAc11,614307.9273,1251334.12,2021-03-31T16:10:00Z,5,5.53E-05,s2
CrAc11,614538.746,1251187.863,2021-03-31T19:25:00Z,5,7.61E-04,s2
CrAc11,614354.6846,1251308.985,2021-04-01T09:52:00Z,5,5.53E-05,s2
CrAc11,614316.6587,1251334.152,2021-04-01T17:08:00Z,5,3.28E-04,s2
CrAc11,614439.3666,1251204.094,2021-04-01T21:06:00Z,5,3.28E-04,s2
CrAc11,614362.3064,1251320.873,2021-04-02T10:05:00Z,5,5.53E-05,s2
CrAc11,614322.4277,1251296.768,2021-04-04T16:38:00Z,5,5.53E-05,s2
CrAc11,614311.1857,1251338.556,2021-04-05T11:47:00Z,5,5.53E-05,s2
CrAc11,614334.7598,1251323.746,2021-04-05T17:47:00Z,5,5.53E-05,s2
CrAc11,614362.2896,1251286.159,2021-04-05T20:39:00Z,5,5.53E-05,s2
CrAc11,614353.036,1251310.3,2021-04-06T08:36:00Z,5,5.53E-05,s2
CrAc11,614315.6109,1251321.983,2021-04-06T15:49:00Z,5,5.53E-05,s2
CrAc11,614386.2658,1251298.533,2021-04-06T21:01:00Z,5,5.53E-05,s2
CrAc11,614311.2135,1251330.814,2021-04-07T11:02:00Z,5,5.53E-05,s2
CrAc11,614363.7428,1251309.726,2021-04-07T17:54:00Z,5,5.53E-05,s2
CrAc11,614324.6677,1251231.33,2021-04-07T21:43:00Z,5,5.53E-05,s2
CrAc11,614308.2011,1251257.813,2021-04-08T12:07:00Z,5,5.53E-05,s2
CrAc11,614394.5626,1251297.75,2021-04-08T14:09:00Z,5,5.53E-05,s2
CrAc11,614322.802,1251260.345,2021-04-10T11:10:00Z,5,5.53E-05,s2
CrAc11,614373.5844,1251253.823,2021-04-10T16:18:00Z,5,5.53E-05,s2
CrAc11,614270.8938,1251412.743,2021-04-10T19:50:00Z,5,5.53E-05,s2
CrAc11,614374.5031,1251252.496,2021-04-11T10:20:00Z,5,5.53E-05,s2
CrAc11,614340.5229,1251295.257,2021-04-11T14:47:00Z,5,1.086943167,s2
CrAc11,614446.0007,1251245.62,2021-04-11T20:46:00Z,5,5.53E-05,s2
CrAc11,614760.3215,1251184.236,2021-05-08T22:14:00Z,5,3.076138178,s2
CrAc11,614969.5583,1250970.443,2021-05-10T18:21:00Z,5,5.53E-05,s2
CaCr10,616492.1697,1250363.293,2021-05-10T19:30:00Z,5,5.53E-05,s2
CaCr11,616966.0903,1249708.11,2021-05-10T23:45:00Z,5,3.432805528,s2
CrAc11,614988.2124,1250942.862,2021-05-11T08:20:00Z,5,3.861395499,s2
CaCr11,616966.0497,1249719.169,2021-05-12T08:57:00Z,5,5.53E-05,s2
CaCr10,616489.9787,1250365.496,2021-05-12T11:55:00Z,5,4.191196349,s2
CrAc11,614982.7712,1250938.419,2021-05-13T15:33:00Z,5,5.53E-05,s2
CaCr11,616957.7422,1249712.116,2021-05-13T16:36:00Z,5,4.227869094,s2
CaCr11,616969.3688,1249707.016,2021-05-13T18:44:00Z,5,5.53E-05,s2
CrAc11,614988.6343,1250933.591,2021-05-13T20:23:00Z,5,4.685733254,s2
CrAc11,615007.2884,1250889.145,2021-05-15T10:21:00Z,5,5.53E-05,s2
CrAc11,614988.4497,1250930.046,2021-05-15T18:30:00Z,5,4.87537247,s2
CaCr11,616966.07,1249713.64,2021-05-15T19:53:00Z,5,5.53E-05,s2
CaCr11,616975.6285,1249681.216,2021-05-16T19:13:00Z,5,5.361853831,s2
CaCr7,616964.9947,1249709.212,2021-05-16T22:00:00Z,5,5.53E-05,s2
CaCr7,616966.0903,1249708.11,2021-05-17T10:09:00Z,5,5.210788785,s2
CaCr11,616961.8054,1249685.976,2021-05-17T10:30:00Z,5,5.53E-05,s2
CaCr11,616948.7835,1249690.706,2021-05-17T13:54:00Z,5,4.142712456,s2
CaCr7,616951.6093,1249707.637,2021-05-17T14:09:00Z,5,5.53E-05,s2
CaCr11,616953.8035,1249673.457,2021-05-17T22:35:00Z,5,3.396939392,s2
CaCr7,616963.9751,1249704.466,2021-05-17T22:59:00Z,5,5.53E-05,s2
CaCr7,616965.1267,1249709.546,2021-05-18T09:04:00Z,5,2.126552059,s2
CaCr11,616950.1525,1249680.706,2021-05-18T09:25:00Z,5,5.53E-05,s2
CrAc11,614987.1329,1250939.541,2021-05-18T11:03:00Z,5,2.309401187,s2
CrAc11,615011.811,1250903.198,2021-05-18T15:44:00Z,5,5.53E-05,s2
CaCr7,616960.2432,1249701.799,2021-05-18T17:30:00Z,5,2.312737138,s2
CaCr11,616956.5832,1249696.098,2021-05-18T17:37:00Z,5,5.53E-05,s2
CaCr7,616963.8749,1249716.949,2021-05-18T22:33:00Z,5,1.85409866,s2
CaCr11,616943.2745,1249679.272,2021-05-18T22:45:00Z,5,5.53E-05,s2
CaCr11,616913.6348,1249699.543,2021-05-19T10:45:00Z,5,1.856159792,s2
CaCr7,616958.559,1249695.973,2021-05-19T11:03:00Z,5,5.53E-05,s2
CrAc11,614986.0535,1250936.219,2021-05-19T12:07:00Z,5,1.892198112,s2
CrAc11,614982.8135,1250938.441,2021-05-19T18:58:00Z,5,39.8736047,s2
CaCr7,616945.2188,1249720.985,2021-05-20T10:52:00Z,5,1.89467668,s2
CaCr11,616868.1982,1249797.803,2021-05-20T10:56:00Z,5,0.099044574,s2
CrAc11,614988.9216,1250927.601,2021-05-20T16:24:00Z,5,39.8736047,s2
CrAc11,614984.9541,1250938.427,2021-05-20T18:09:00Z,5,1.89467668,s2
CaCr11,616952.5736,1249719.506,2021-05-21T23:29:00Z,5,0.099044574,s2
CaCr11,616950.8541,1249732.016,2021-05-22T10:09:00Z,5,80.33702547,s2
CaCr7,616930.7635,1249713.748,2021-05-28T18:21:00Z,5,39.8736047,s2
CaCr11,616939.5373,1249699.475,2021-05-28T18:35:00Z,5,1.89467668,s2
CaCr11,616934.1559,1249702.157,2021-05-29T08:42:00Z,5,0.099044574,s2
CaCr7,616952.9159,1249703.662,2021-05-29T08:49:00Z,5,80.33702547,s2
CaCr11,616941.7598,1249676.589,2021-05-29T17:07:00Z,5,1.784045706,s2
CaCr7,616959.4958,1249704.252,2021-05-29T17:26:00Z,5,0.292868303,s2
CaCr7,616971.5396,1249710.342,2021-05-29T19:01:00Z,5,74.40109037,s2
CaCr11,616943.1809,1249679.118,2021-05-29T19:06:00Z,5,1.741305873,s2
CrAc11,614991.0917,1250903.802,2021-06-02T11:28:00Z,5,0.856464787,s1
CaCr11,616955.6285,1249712.586,2021-06-06T17:10:00Z,5,98.44586076,s1
CaCr7,617000.6913,1249715.766,2021-06-08T11:32:00Z,5,1.563856117,s1
CaCr7,617021.6026,1249723.794,2021-06-08T12:06:00Z,5,0.802095201,s1
CaCr11,616966.0984,1249705.898,2021-06-08T12:09:00Z,5,92.16436264,s1
CrAc11,614975.5104,1250932.143,2021-06-08T17:06:00Z,5,1.539291795,s1
CaCr11,616963.8969,1249788.476,2021-06-14T21:57:00Z,5,0.619295198,s1
CrAc11,614984.9541,1250938.427,2021-06-14T23:22:00Z,5,38.01345757,s1
CaCr11,616996.9358,1249744.111,2021-06-15T10:20:00Z,5,0.578933061,s1
CaCr11,616994.5692,1249744.911,2021-06-15T14:21:00Z,5,1.355128477,s1
CaCr11,616980.5887,1249717.668,2021-06-15T16:43:00Z,5,19.59778624,s1
CaCr11,616987.3096,1249695.855,2021-06-15T20:51:00Z,5,0.23516349,s1
CaCr11,616981.0506,1249687.884,2021-06-16T08:32:00Z,5,1.359417065,s1
CrAc11,614978.8864,1250924.165,2021-06-16T13:32:00Z,5,20.18080756,s1
CrAc11,614984.9505,1250939.422,2021-06-16T18:58:00Z,5,1.14508038,s1
CaCr11,617013.7285,1249705.546,2021-06-16T22:31:00Z,5,0.202871856,s1
CaCr11,616953.2477,1249679.137,2021-06-17T14:59:00Z,5,19.10819546,s1
CrAc11,614961.6828,1250902.502,2021-06-17T16:13:00Z,5,1.179530559,s1
CaCr11,616949.2056,1249686.89,2021-06-18T16:36:00Z,5,0.102909651,s1
CaCr11,616956.0803,1249700.793,2021-06-19T17:13:00Z,5,20.33132508,s1
CaCr11,616969.3607,1249709.228,2021-06-19T22:14:00Z,5,0.093552609,s1
CaCr10,616974.549,1250221.976,2021-06-20T08:43:00Z,5,1.220517241,s1
CaCr11,617010.1434,1249755.959,2021-06-20T09:00:00Z,5,17.3906075,s1
CaCr7,616962.5107,1249710.19,2021-06-20T09:13:00Z,5,0.106618348,s1
CaCr10,616962.1149,1250189.263,2021-06-22T07:02:00Z,5,1.353602975,s1
CaCr11,616902.5835,1249706.309,2021-06-22T07:31:00Z,5,20.66669417,s1
CaCr10,616902.6182,1250146.882,2021-06-23T10:13:00Z,5,20.8290572,s1
CaCr11,616990.1232,1249705.829,2021-06-25T14:22:00Z,5,1.515212662,s1
CaCr11,616963.9235,1249703.678,2021-06-25T22:19:00Z,5,0.137112897,s1
CaCr10,616947.9662,1250185.802,2021-06-25T22:51:00Z,5,0.153767881,s1
CrAc11,614258.0488,1251277.223,2021-06-26T16:20:00Z,5,22.27141435,s1
CrAc11,614287.8295,1251460.122,2021-06-26T20:51:00Z,5,1.682193803,s1
CrAc11,614332.8038,1251397.247,2021-06-27T05:55:00Z,5,0.160256837,s1
CaCr11,616958.2291,1249705.892,2021-06-27T07:08:00Z,5,21.5837135,s1
CaCr10,616947.9621,1250186.908,2021-06-27T16:57:00Z,5,1.865153407,s1
CaCr11,616987.8918,1249692.357,2021-06-27T17:03:00Z,5,0.154582173,s1
CrAc11,614400.4148,1251138.604,2021-06-27T18:09:00Z,5,23.52832366,s1
CrAc11,614382.2551,1251303.421,2021-06-28T06:00:00Z,5,22.97454902,s1
CrAc11,614335.7911,1251307.922,2021-06-28T14:18:00Z,5,0.893701916,s1
CaCr10,616948.5308,1250179.193,2021-06-28T15:58:00Z,5,0.155675871,s1
CaCr11,617018.2371,1249712.907,2021-06-28T16:21:00Z,5,24.37430318,s1
CaCr11,616973.3645,1249685.825,2021-06-28T19:15:00Z,5,0.00620923,s1
CaCr10,616950.8192,1250166.132,2021-06-28T19:30:00Z,5,0.153768615,s1
CaCr11,616984.0164,1249704.857,2021-06-29T11:13:00Z,5,25.17298541,s1
CrAc11,614172.9454,1251539.336,2021-06-29T14:41:00Z,5,0.00620923,s1
CaCr10,616948.5308,1250179.193,2021-06-29T15:43:00Z,5,0.149237534,s1
CaCr11,616970.9336,1249684.09,2021-06-29T16:15:00Z,5,26.10485945,s1
CaCr11,616956.8957,1249708.786,2021-06-29T20:37:00Z,5,0.00620923,s1
CaCr10,616976.1666,1250230.758,2021-06-29T20:54:00Z,5,0.136471612,s1
CrAc11,614289.1232,1251441.397,2021-06-29T23:12:00Z,5,0.003702352,s1
CrAc11,614340.1385,1251322.417,2021-06-30T10:08:00Z,5,0.168737475,s1
CrAc11,614336.486,1251283.904,2021-06-30T15:10:00Z,5,32.06458728,s1
CaCr10,616941.6302,1250156.252,2021-06-30T17:44:00Z,5,7.65E-04,s1
CaCr11,616983.7411,1249702.08,2021-06-30T18:04:00Z,5,0.200358373,s1
CaCr11,616941.4603,1249674.487,2021-06-30T18:50:00Z,5,32.77822811,s1
CrAc11,614339.4426,1251292.404,2021-07-01T05:36:00Z,5,33.80102141,s1
CaCr10,616958.205,1250233.258,2021-07-01T10:26:00Z,5,4.92E-04,s1
CrAc11,614186.75,1251466.325,2021-07-03T05:52:00Z,5,0.279033968,s1
CaCr10,616944.1149,1250203.498,2021-07-03T10:12:00Z,5,34.28009047,s1
CaCr11,616940.7128,1249704.816,2021-07-03T10:24:00Z,5,1.07E-04,s1
CaCr11,616907.5244,1249712.714,2021-07-03T15:13:00Z,5,0.398513968,s1
CaCr10,616941.4255,1250183.566,2021-07-03T15:32:00Z,5,32.43187276,s1
CrAc11,614269.131,1251435.523,2021-07-03T17:13:00Z,5,1.07E-04,s1
CaCr10,616958.205,1250233.258,2021-07-03T21:32:00Z,5,0.398513968,s1
CrAc11,614263.7133,1251459.384,2021-07-03T22:34:00Z,5,0.398513968,s1
CaCr10,616869.297,1250213.346,2021-07-04T10:08:00Z,5,5.53E-05,s1
CaCr11,616934.8583,1249709.529,2021-07-04T10:33:00Z,5,30.57175412,s1
CaCr11,616923.3223,1249730.088,2021-07-04T15:17:00Z,5,5.53E-05,s1
CaCr10,616908.4713,1250179.721,2021-07-04T15:32:00Z,5,0.196583058,s1
CrAc11,614189.7895,1251465.456,2021-07-04T19:45:00Z,5,30.06427969,s1
CrAc11,614156.5237,1251439.306,2021-07-05T15:26:00Z,5,10.31293399,s1
CaCr10,616869.297,1250213.346,2021-07-06T10:08:00Z,5,5.53E-05,s1
CaCr10,616950.7592,1250171.435,2021-07-06T16:39:00Z,5,0.031675083,s1
CaCr11,616992.3386,1249703.882,2021-07-06T16:52:00Z,5,0.031675083,s1
CaCr11,616966.0943,1249707.004,2021-07-07T12:28:00Z,5,5.53E-05,s1
CrAc11,614484.1508,1251116.442,2021-07-07T20:15:00Z,5,0.026788261,s1
CaCr10,616971.1044,1250226.032,2021-07-08T11:11:00Z,5,0.026788261,s1
CaCr11,616984.4984,1249713.931,2021-07-08T11:24:00Z,5,5.53E-05,s1
CaCr11,616984.0949,1249708.758,2021-07-08T15:28:00Z,5,5.53E-05,s1
CaCr10,616940.7584,1250221.872,2021-07-08T15:39:00Z,5,0.026788261,s1
CrAc11,614528.8993,1251194.463,2021-07-09T09:15:00Z,5,5.53E-05,s1
CaCr11,616984.7169,1249700.049,2021-07-09T16:31:00Z,5,5.53E-05,s1
CaCr10,616923.9639,1250246.618,2021-07-09T16:43:00Z,5,5.53E-05,s1
CaCr11,616977.6222,1249691.302,2021-07-10T10:28:00Z,5,5.53E-05,s1
CaCr10,616938.4734,1250196.823,2021-07-10T10:42:00Z,5,0.026788261,s1
CaCr11,616980.6548,1249702.278,2021-07-10T13:37:00Z,5,5.53E-05,s1
CaCr10,616964.5053,1250198.291,2021-07-10T13:51:00Z,5,5.53E-05,s1
CrAc11,614322.2457,1251292.009,2021-07-10T15:39:00Z,5,0.026788261,s1
CrAc11,614191.4915,1251541.614,2021-07-10T23:10:00Z,5,5.53E-05,s1
CaCr10,616902.7358,1250169.22,2021-07-11T09:58:00Z,5,5.53E-05,s1
CaCr11,616959.961,1249713.273,2021-07-11T10:28:00Z,5,0.026788261,s1
CrAc11,614317.8177,1251268.695,2021-07-11T16:32:00Z,5,5.53E-05,s1
CrAc11,614351.3574,1251304.399,2021-07-11T20:15:00Z,5,9.79E-05,s1
CaCr10,616844.9932,1250191.162,2021-07-12T10:13:00Z,5,0.026788261,s1
CrAc11,614415.5481,1251189.988,2021-07-12T17:13:00Z,5,9.79E-05,s1
CrAc11,614182.0951,1251478.033,2021-07-12T21:39:00Z,5,5.53E-05,s1
CrAc11,614268.9699,1251456.434,2021-07-13T06:03:00Z,5,0.026788261,s1
CaCr10,616992.1751,1250285.617,2021-07-13T11:49:00Z,5,0.942371975,s1
CaCr11,616993.2991,1249686.077,2021-07-13T12:20:00Z,5,0.001384644,s1
CaCr10,616901.8727,1250256.016,2021-07-13T16:45:00Z,5,5.53E-05,s1
CrAc11,614366.6283,1251181.18,2021-07-14T06:09:00Z,5,0.001384644,s1
CaCr10,616998.6125,1250262.771,2021-07-15T10:49:00Z,5,5.53E-05,s1
CaCr11,616957.4436,1249684.854,2021-07-15T11:18:00Z,5,1.84373933,s1
CrAc11,614486.0135,1251458.203,2021-07-15T15:02:00Z,5,6.170244787,s1
CaCr10,616900.0724,1250169.328,2021-07-15T16:41:00Z,5,0.00137773,s1
CaCr11,616977.6222,1249691.302,2021-07-15T17:05:00Z,5,5.53E-05,s1
CaCr10,616998.6125,1250262.771,2021-07-15T21:49:00Z,5,5.53E-05,s1
CrAc11,614327.004,1251328.968,2021-07-15T22:11:00Z,5,0.00137773,s1
CrAc11,614323.5629,1251300.695,2021-07-16T23:18:00Z,5,10.45475544,s1
CaCr10,616949.4257,1250169.476,2021-07-17T08:26:00Z,5,6.787743925,s1
CaCr11,616962.5738,1249716.164,2021-07-17T08:34:00Z,5,0.00137773,s1
CaCr11,616983.7988,1249713.894,2021-07-18T15:51:00Z,5,4.06190118,s1
CaCr10,617019.8761,1250368.028,2021-07-18T16:16:00Z,5,0.002221592,s1
CrAc11,614443.1609,1251151.018,2021-07-20T06:52:00Z,5,5.47918672,s1
CrAc11,614267.3151,1251442.461,2021-07-24T23:26:00Z,5,3.179457379,s1
CaCr7,616557.0792,1249173.022,2021-07-27T14:39:00Z,5,5.47918672,s1
CaCr11,616982.1241,1249687.487,2021-07-28T18:38:00Z,5,3.179457379,s1
CrAc11,614474.9581,1251183.44,2021-07-29T06:06:00Z,5,2.263585316,s1
CaCr11,616934.8311,1249704.581,2021-07-29T16:16:00Z,5,5.75850725,s1
CaCr11,617015.4804,1249726.594,2021-07-30T09:40:00Z,5,5.47918672,s1
CaCr7,616759.6048,1249610.668,2021-07-30T11:03:00Z,5,3.179457379,s1
CaCr11,616995.9653,1249707,2021-07-30T14:53:00Z,5,0.003502817,s1
CaCr11,616903.5258,1249691.204,2021-07-30T19:18:00Z,5,1.361814859,s1
CaCr11,616922.2538,1249688.104,2021-07-31T09:29:00Z,5,0.320081248,s1
CrAc11,614361.592,1251266.252,2021-08-01T09:47:00Z,5,0.005158024,s1
CaCr11,616896.7537,1249706.215,2021-08-01T11:35:00Z,5,6.58704624,s1
CaCr11,616923.5492,1249685.835,2021-08-01T15:29:00Z,5,0.675876286,s1
CaCr11,616924.1545,1249710.036,2021-08-01T18:55:00Z,5,0.01087087,s1
CaCr11,616939.9044,1249694.729,2021-08-02T10:57:00Z,5,7.023679753,s1
CaCr11,616979.3543,1249701.999,2021-08-02T14:23:00Z,5,5.53E-05,s1
CaCr11,616883.821,1249687.726,2021-08-03T11:38:00Z,5,0.160068263,s1
CaCr7,616778.4557,1249749.495,2021-08-03T11:44:00Z,5,7.602720251,s1
CaCr11,616915.0003,1249695.182,2021-08-03T16:05:00Z,5,0.007893209,s1
CaCr7,616913.3132,1249664.627,2021-08-04T00:19:00Z,5,5.53E-05,s1
CaCr7,616869.7151,1249684.617,2021-08-04T08:59:00Z,5,0.113635064,s1
CaCr11,616912.7426,1249709.422,2021-08-04T09:04:00Z,5,0.001309027,s1
CaCr11,616919.808,1249709.57,2021-08-05T10:23:00Z,5,8.159055429,s1
CaCr7,616975.3959,1249724.739,2021-08-05T10:31:00Z,5,5.53E-05,s1
CaCr11,616928.637,1249714.784,2021-08-05T20:12:00Z,5,0.085240117,s1
CaCr7,616970.0347,1249713.676,2021-08-05T20:13:00Z,5,0.219252078,s1
CaCr7,616985.3257,1249748.542,2021-08-06T08:26:00Z,5,0.001309027,s1
CaCr11,616947.081,1249677.377,2021-08-06T08:28:00Z,5,8.986390797,s1
CaCr7,616944.2017,1249721.985,2021-08-07T11:03:00Z,5,5.53E-05,s1
CaCr11,616914.9495,1249724.412,2021-08-07T11:04:00Z,5,9.573876249,s1
CaCr11,616958.4215,1249715.823,2021-08-07T14:30:00Z,5,5.53E-05,s1
CaCr7,616953.3334,1249720.318,2021-08-07T16:03:00Z,5,5.53E-05,s1
CaCr11,616907.7251,1249732.807,2021-08-07T16:07:00Z,5,0.704887591,s1
CaCr11,616877.8582,1249714.602,2021-08-07T19:25:00Z,5,0.738662598,s1
CaCr7,616982.3995,1249722.592,2021-08-07T19:26:00Z,5,3.338357944,s1
CaCr11,616864.1186,1249662.391,2021-08-08T07:36:00Z,5,5.53E-05,s1
CaCr7,616955.9571,1249716.471,2021-08-08T07:37:00Z,5,5.53E-05,s1
CaCr7,616948.3569,1249710.434,2021-08-09T10:44:00Z,5,0.796880314,s1
CaCr11,616925.887,1249708.193,2021-08-09T10:45:00Z,5,0.004648247,s1
CaCr11,616910.8958,1249702.03,2021-08-09T18:41:00Z,5,5.53E-05,s1
CaCr7,616972.8336,1249713.819,2021-08-09T18:42:00Z,5,5.53E-05,s1
CaCr7,616956.7516,1249698.021,2021-08-10T05:42:00Z,5,0.004648247,s1
CaCr11,616876.7157,1249679.516,2021-08-10T05:43:00Z,5,5.53E-05,s1
CaCr11,616820.5237,1249733.755,2021-08-10T10:35:00Z,5,5.53E-05,s1
CaCr7,616952.7847,1249707.763,2021-08-10T10:36:00Z,5,0.847454022,s1
CaCr7,616959.8795,1249694.649,2021-08-11T11:21:00Z,5,0.91034161,s1
CaCr11,616919.6685,1249686.94,2021-08-11T11:22:00Z,5,0.004648247,s1
CaCr7,616938.2865,1249720.133,2021-08-11T18:04:00Z,5,5.53E-05,s1
CaCr11,616883.4512,1249697.734,2021-08-11T18:05:00Z,5,5.53E-05,s1
CaCr11,616903.4558,1249676.694,2021-08-11T20:10:00Z,5,0.004648247,s1
CaCr11,616923.5873,1249684.326,2021-08-12T09:34:00Z,5,5.53E-05,s1
CaCr7,616953.4032,1249712.14,2021-08-12T09:35:00Z,5,5.53E-05,s1
CaCr11,616893.3049,1249698.352,2021-08-13T16:36:00Z,5,1.244480312,s1
CaCr7,616934.7228,1249713.551,2021-08-13T16:37:00Z,5,5.53E-05,s1
CaCr10,616326.5518,1250497.779,2021-08-13T16:59:00Z,5,1.324957931,s1
CaCr10,616338.2799,1250530.022,2021-08-14T16:22:00Z,5,5.53E-05,s1
CaCr7,616945.5721,1249705.662,2021-08-14T16:48:00Z,5,0.004648247,s1
CaCr11,616863.0328,1249683.265,2021-08-14T16:49:00Z,5,5.53E-05,s1
CaCr7,616972.0522,1249673.504,2021-08-14T19:08:00Z,5,0.661896252,s1
CaCr11,616866.3626,1249689.3,2021-08-14T19:12:00Z,5,0.004648247,s1
CaCr10,616362.6455,1250584.528,2021-08-14T19:36:00Z,5,5.53E-05,s1
CaCr11,616906.9967,1249728.381,2021-08-15T08:49:00Z,5,0.004648247,s1
CaCr7,616933.5035,1249708.434,2021-08-15T08:50:00Z,5,5.53E-05,s1
CaCr10,616301.7806,1250486.885,2021-08-15T10:39:00Z,5,5.53E-05,s1
CaCr10,616301.7806,1250486.885,2021-08-15T19:39:00Z,5,5.53E-05,s1
CaCr11,616897.3075,1249710.755,2021-08-16T07:47:00Z,5,0.004648247,s1
CaCr11,616934.1209,1249733.35,2021-08-16T10:38:00Z,5,5.53E-05,s1
CaCr7,616566.76,1249271.364,2021-08-18T11:09:00Z,5,5.53E-05,s1
CaCr10,616304.801,1250505.334,2021-08-19T08:56:00Z,5,5.53E-05,s1
CaCr7,616853.2136,1249706.612,2021-08-19T09:57:00Z,5,0.069463247,s1
CaCr7,616856.3292,1249624.229,2021-08-19T15:18:00Z,5,5.53E-05,s1
CaCr10,616386.9593,1250532.077,2021-08-19T15:44:00Z,5,5.53E-05,s1
CaCr7,616883.1286,1249600.021,2021-08-20T07:27:00Z,5,5.53E-05,s1
CaCr7,616824.0763,1249611.249,2021-08-21T09:36:00Z,5,0.391328489,s1
CaCr7,616803.377,1249671.159,2021-08-22T09:28:00Z,5,5.53E-05,s1
CaCr10,616359.5081,1250588.058,2021-08-22T09:58:00Z,5,0.115936174,s1
CaCr7,616844.2091,1249599.435,2021-08-23T09:11:00Z,5,5.53E-05,s1
CaCr7,616858.0339,1249602.198,2021-08-24T13:46:00Z,5,0.761015868,s1
CaCr7,616804.2186,1249609.907,2021-08-25T07:25:00Z,5,5.53E-05,s1
CaCr7,616832.5189,1249628.866,2021-08-25T18:26:00Z,5,0.217908869,s1
CaCr7,616650.5193,1249614.464,2021-08-26T07:32:00Z,5,5.53E-05,s1
CaCr18,616295.2873,1250499.151,2021-08-30T08:03:00Z,5,0.849556834,s1
CaCr18,616308.3209,1250475.924,2021-09-01T09:23:00Z,5,4.22518927,s2
CaCr18,616293.3314,1250492.707,2021-09-01T15:45:00Z,5,0.372571388,s2
CaCr18,616285.5819,1250463.037,2021-09-01T19:33:00Z,5,5.53E-05,s2
CaCr18,616296.9074,1250482.995,2021-09-02T09:44:00Z,5,0.849556834,s2
CaCr18,616299.4842,1250468.187,2021-09-03T14:49:00Z,5,7.496256145,s2
CaCr7,616883.429,1249606.125,2021-09-03T21:33:00Z,5,0.508705417,s2
CaCr18,616310.7973,1250525.282,2021-09-04T10:40:00Z,5,1.127338347,s2
CaCr18,616298.0644,1250516.615,2021-09-04T16:12:00Z,5,0.897020235,s2
CaCr18,616291.8905,1250523.851,2021-09-05T08:18:00Z,5,5.53E-05,s2
CaCr7,616772.4745,1249677.148,2021-09-05T08:38:00Z,5,7.496256145,s2
CaCr18,616318.6472,1250558.53,2021-09-05T19:24:00Z,5,5.53E-05,s2
CaCr18,616297.5458,1250481.87,2021-09-06T11:56:00Z,5,0.524199639,s2
CaCr7,616879.1408,1249623.406,2021-09-06T12:25:00Z,5,7.001851555,s2
CaCr18,616302.0048,1250505.831,2021-09-06T23:54:00Z,5,1.671895728,s2
CaCr7,616817.1998,1249590.105,2021-09-07T10:38:00Z,5,5.53E-05,s2
CaCr7,616687.4015,1249683.257,2021-09-07T18:43:00Z,5,5.111046076,s2
CaCr18,616313.1876,1250461.979,2021-09-07T20:10:00Z,5,0.125311334,s2
CaCr7,616855.5976,1249622.75,2021-09-08T09:10:00Z,5,0.93704855,s2
CaCr20,617113.1395,1250188.696,2021-09-08T09:49:00Z,5,0.059892588,s2
CaCr18,616331.8976,1250469.596,2021-09-08T10:04:00Z,5,0.290202694,s2
CaCr20,616761.0714,1250144.473,2021-09-08T15:52:00Z,5,5.53E-05,s2
CaCr18,616319.2417,1250470.777,2021-09-08T16:06:00Z,5,4.442694441,s2
CaCr11,616163.7692,1249665.998,2021-09-09T10:46:00Z,5,2.993730332,s2
CaCr18,616301.7372,1250494.207,2021-09-09T16:17:00Z,5,0.135873526,s2
CaCr20,616765.4072,1250145.84,2021-09-09T16:32:00Z,5,5.53E-05,s2
CaCr7,616795.4095,1249669.154,2021-09-09T20:41:00Z,5,5.53E-05,s2
CaCr7,616808.8215,1249670.827,2021-09-10T15:27:00Z,5,5.959630951,s2
CaCr11,616174.8237,1249718.368,2021-09-10T16:00:00Z,5,5.53E-05,s2
CaCr20,616798.7673,1250138.39,2021-09-10T16:19:00Z,5,3.760220103,s2
CaCr18,616300.4599,1250546.366,2021-09-10T16:34:00Z,5,6.589215464,s2
CaCr18,616315.8416,1250514.682,2021-09-10T18:51:00Z,5,3.327645904,s2
CaCr20,616771.0311,1250158.867,2021-09-10T19:06:00Z,5,5.53E-05,s2
CaCr20,616756.3837,1250114.34,2021-09-11T07:05:00Z,5,5.53E-05,s2
CaCr18,616312.2498,1250471.948,2021-09-11T07:18:00Z,5,7.191890671,s2
CaCr20,616750.734,1250139.458,2021-09-11T15:12:00Z,5,2.810587769,s2
CaCr18,616301.7056,1250502.546,2021-09-11T15:36:00Z,5,5.53E-05,s2
CaCr7,616814.0452,1249603.185,2021-09-12T05:40:00Z,5,5.53E-05,s2
CaCr7,616746.0678,1249663.311,2021-09-13T16:24:00Z,5,7.357688129,s2
CaCr11,616138.609,1249742.688,2021-09-13T17:33:00Z,5,2.362079119,s1
CaCr20,616737.5204,1250075.25,2021-09-13T17:53:00Z,5,5.53E-05,s2
CaCr18,616292.8231,1250495.176,2021-09-13T18:01:00Z,5,5.53E-05,s2
CaCr18,616290.8611,1250517.327,2021-09-13T22:09:00Z,5,7.50943998,s2
CaCr7,616831.7212,1249601.619,2021-09-13T22:33:00Z,5,1.867859027,s2
CaCr20,616748.0362,1250088.668,2021-09-14T15:13:00Z,5,5.53E-05,s2
CaCr18,616307.0392,1250518.687,2021-09-14T18:22:00Z,5,5.53E-05,s2
CaCr20,616761.3391,1250066.338,2021-09-14T18:44:00Z,5,4.908192812,s2
CaCr7,616673.4492,1249638.447,2021-09-14T19:09:00Z,5,0.646961791,s2
CaCr7,616899.7346,1249607.796,2021-09-15T05:13:00Z,5,5.53E-05,s2
CaCr18,616304.3659,1250498.908,2021-09-15T06:33:00Z,5,5.53E-05,s2
CaCr20,616739.4293,1250092.663,2021-09-15T16:00:00Z,5,0.065356162,s2
CaCr18,616304.3289,1250527.81,2021-09-15T18:03:00Z,5,2.311018895,s2
CaCr20,616809.7754,1250156.449,2021-09-15T18:23:00Z,5,5.53E-05,s2
CaCr20,616840.1661,1250140.431,2021-09-16T06:24:00Z,5,5.53E-05,s2
CaCr18,616298.9257,1250564.953,2021-09-16T06:39:00Z,5,1.787224756,s2
CaCr7,616703.7756,1249681.293,2021-09-16T14:03:00Z,5,0.065356162,s2
CaCr18,616305.4937,1250514.78,2021-09-16T15:02:00Z,5,5.53E-05,s2
CaCr18,616306.0578,1250476.723,2021-09-16T21:46:00Z,5,5.53E-05,s2
CaCr11,616140.206,1249754.815,2021-09-17T09:09:00Z,5,0.710370006,s2
CaCr20,616743.5335,1250097.07,2021-09-17T09:28:00Z,5,0.065356162,s2
CaCr7,616486.7733,1249762.201,2021-09-17T15:14:00Z,5,5.53E-05,s2
CaCr11,616102.194,1249733.914,2021-09-17T15:43:00Z,5,5.53E-05,s2
CaCr20,616780.426,1250193.921,2021-09-17T16:08:00Z,5,0.278921971,s2
CaCr18,616317.9855,1250532.484,2021-09-17T16:19:00Z,5,0.068821381,s2
CaCr18,616308.7015,1250556.846,2021-09-17T21:58:00Z,5,5.53E-05,s2
CaCr11,616135.8826,1249754.545,2021-09-17T22:28:00Z,5,5.53E-05,s2
CaCr11,615998.1581,1249559.039,2021-09-18T06:39:00Z,5,0.288023794,s2
CaCr18,616303.4662,1250525.806,2021-09-18T07:12:00Z,5,0.068821381,s2
CaCr7,616711.7353,1249697.565,2021-09-18T17:28:00Z,5,5.53E-05,s2
CaCr11,616122.8456,1249744.816,2021-09-18T17:42:00Z,5,0.491296992,s2
CaCr18,616370.9874,1250529.954,2021-09-18T18:16:00Z,5,0.30230604,s2
CaCr11,616113.5401,1249724.172,2021-09-19T09:30:00Z,5,0.089563409,s2
CaCr18,616328.7637,1250537.998,2021-09-19T09:59:00Z,5,1.754937039,s2
CaCr7,616800.3974,1249641.291,2021-09-19T10:48:00Z,5,1.38580989,s2
CaCr11,616152.8065,1249744.618,2021-09-19T16:13:00Z,5,3.275201071,s2
CaCr18,616305.6684,1250486.866,2021-09-19T16:40:00Z,5,0.299224534,s2
CaCr18,616270.4814,1250531.937,2021-09-19T19:42:00Z,5,0.22884694,s2
CaCr7,616652.1011,1249668.23,2021-09-19T20:36:00Z,5,1.495267691,s2
CaCr7,616606.4044,1249702.513,2021-09-20T05:49:00Z,5,2.966602174,s2
CaCr11,616073.5693,1249664.213,2021-09-20T06:20:00Z,5,1.502860674,s2
CaCr18,616281.3076,1250498.748,2021-09-20T06:51:00Z,5,1.525525729,s2
CaCr7,616800.8715,1249605.494,2021-09-20T15:44:00Z,5,0.315064195,s2
CaCr7,616746.5875,1249653.951,2021-09-21T06:25:00Z,5,0.320271826,s2
CaCr11,616141.8495,1249741.114,2021-09-21T06:51:00Z,5,2.719063406,s2
CaCr18,616307.7837,1250520.552,2021-09-21T07:22:00Z,5,0.318633659,s2
CaCr7,616746.5875,1249653.951,2021-09-21T09:25:00Z,5,0.388933882,s2
CaCr7,616858.6286,1249641.62,2021-09-21T14:37:00Z,5,1.456467792,s2
CaCr11,616139.345,1249756.751,2021-09-21T15:06:00Z,5,1.263375883,s2
CaCr20,616809.0697,1250155.998,2021-09-21T15:25:00Z,5,0.504230602,s2
CaCr18,616303.3297,1250509.979,2021-09-21T18:06:00Z,5,2.609248014,s2
CaCr7,616787.4964,1249659.802,2021-09-21T18:47:00Z,5,1.428821557,s2
CaCr11,616104.1959,1249743.452,2021-09-22T06:34:00Z,5,1.253528852,s2
CaCr7,616776.3176,1249619.248,2021-09-22T07:31:00Z,5,0.634416466,s2
CaCr7,616801.8072,1249632.842,2021-09-22T14:36:00Z,5,2.340512859,s2
CaCr18,616326.3337,1250563.31,2021-09-22T18:39:00Z,5,1.382929888,s2
CaCr11,616134.8326,1249763.976,2021-09-22T19:09:00Z,5,2.366096443,s2
CaCr7,616811.6567,1249638.01,2021-09-22T19:43:00Z,5,1.138257148,s2
CaCr11,616119.9851,1249743.305,2021-09-23T06:45:00Z,5,2.104863735,s2
CaCr18,616315.4975,1250584.913,2021-09-23T07:18:00Z,5,1.239233202,s2
CaCr11,616128.7715,1249733.123,2021-09-23T17:23:00Z,5,5.182190829,s2
CaCr18,616313.9583,1250555.841,2021-09-23T18:01:00Z,5,1.29159561,s2
CaCr11,616090.6398,1249762.12,2021-09-24T06:43:00Z,5,1.891676931,s2
CaCr11,616171.3206,1249641.503,2021-09-25T06:50:00Z,5,1.138904437,s2
CaCr18,616304.2393,1250504.999,2021-09-25T07:20:00Z,5,9.507565557,s2
CaCr18,616285.5647,1250531.617,2021-09-25T11:11:00Z,5,1.29159561,s2
CaCr11,616166.8863,1249661.877,2021-09-25T11:54:00Z,5,1.733014582,s2
CaCr11,616093.4906,1249735.798,2021-09-26T06:38:00Z,5,1.055541558,s2
CaCr20,616794.9612,1249989.33,2021-09-26T07:33:00Z,5,9.586864741,s2
CaCr11,616153.6078,1249776.286,2021-09-26T15:42:00Z,5,1.667786708,s2
CaCr11,616083.5731,1249610.449,2021-09-27T09:04:00Z,5,1.548524988,s2
CaCr11,616136.0261,1249763.869,2021-09-27T14:26:00Z,5,0.956153443,s2
CaCr11,616061.0436,1249677.52,2021-09-27T18:15:00Z,5,9.405388384,s2
CaCr11,616135.2774,1249762.964,2021-09-28T06:30:00Z,5,0.926686608,s2
CaCr11,616147.583,1249737.755,2021-09-29T15:00:00Z,5,1.375474866,s2
CaCr18,616293.4958,1250510.669,2021-09-29T15:31:00Z,5,0.854179949,s2
CaCr18,616289.5082,1250522.908,2021-09-29T18:42:00Z,5,8.954672656,s2
CaCr11,616118.8236,1249748.45,2021-09-29T19:12:00Z,5,5.53E-05,s2
CaCr11,616162.5278,1249753.572,2021-09-30T06:33:00Z,5,0.988820459,s2
CaCr18,616297.2347,1250521.796,2021-09-30T06:58:00Z,5,0.266740554,s2
CaCr11,616098.8161,1249744.091,2021-09-30T14:47:00Z,5,8.451121258,s2
CaCr18,616268.5105,1250544.099,2021-09-30T15:33:00Z,5,5.53E-05,s2
CaCr11,616094.0375,1249747.521,2021-10-01T07:00:00Z,5,0.490832353,s2
CaCr11,616128.0933,1249733.516,2021-10-02T09:12:00Z,5,3.11E-04,s2
CaCr18,616309.4612,1250520.863,2021-10-02T09:44:00Z,5,8.24411818,s2
CaCr18,616302.7386,1250528.691,2021-10-03T06:28:00Z,5,5.53E-05,s2
CaCr18,616306.7943,1250480.475,2021-10-03T13:59:00Z,5,0.490832353,s2
CaCr11,616290.7028,1249633.483,2021-10-04T07:41:00Z,5,3.11E-04,s2
CaCr11,616108.0751,1249734.165,2021-10-05T10:18:00Z,5,5.975215113,s2
CaCr20,616762.3663,1250191.401,2021-10-06T07:49:00Z,5,0.490832353,s2
CaCr18,616325.9915,1250490.047,2021-10-06T08:04:00Z,5,3.11E-04,s2
CaCr11,616067.4636,1249661.639,2021-10-06T09:37:00Z,5,4.455270931,s2
CaCr20,617015.6804,1250272.335,2021-10-06T13:10:00Z,5,5.53E-05,s2
CaCr11,616100.34,1249730.095,2021-10-06T14:49:00Z,5,3.202878917,s2
CaCr11,615961.8807,1249576.302,2021-10-07T15:37:00Z,5,3.11E-04,s2
CaCr18,616285.8261,1250475.793,2021-10-07T16:15:00Z,5,4.455240075,s2
CaCr18,616293.7631,1250494.175,2021-10-07T20:45:00Z,5,5.53E-05,s2
CaCr11,616096.3079,1249609.977,2021-10-07T21:12:00Z,5,4.62101491,s2
CaCr18,616298.7399,1250473.37,2021-10-08T07:45:00Z,5,3.11E-04,s2
CaCr18,616285.9692,1250510.676,2021-10-08T15:13:00Z,5,4.455186691,s2
CaCr18,616306.4386,1250489.957,2021-10-08T20:45:00Z,5,5.53E-05,s2
CaCr20,616770.5793,1250133.552,2021-10-09T08:23:00Z,5,4.481968119,s2
CaCr18,616305.6602,1250515.93,2021-10-09T08:48:00Z,5,3.11E-04,s2
CaCr18,616309.7682,1250507.093,2021-10-09T14:56:00Z,5,4.455186691,s2
CaCr18,616298.8046,1250479.687,2021-10-10T12:32:00Z,5,5.53E-05,s2
CaCr18,616298.2132,1250483.006,2021-10-10T16:22:00Z,5,4.897145337,s2
CaCr18,616331.4909,1250426.849,2021-10-11T07:55:00Z,5,3.11E-04,s1
CaCr18,616307.3089,1250391.286,2021-10-11T17:51:00Z,5,3.11E-04,s2
CaCr18,616309.1748,1250472.838,2021-10-12T08:34:00Z,5,5.008986387,s2
CaCr18,616328.4628,1250556.917,2021-10-12T18:29:00Z,5,5.53E-05,s2
CaCr18,616288.2078,1250490.548,2021-10-13T08:57:00Z,5,4.455186691,s2
CaCr18,616255.9666,1250485.187,2021-10-13T19:20:00Z,5,5.53E-05,s1
CaCr18,616334.05,1250527.851,2021-10-14T06:54:00Z,5,5.316867158,s2
CaCr18,616292.8681,1250502.093,2021-10-14T18:56:00Z,5,3.11E-04,s2
CaCr18,616298.2062,1250471.057,2021-10-15T06:41:00Z,5,7.215230391,s2
CaCr18,616300.0183,1250529.41,2021-10-15T15:45:00Z,5,5.53E-05,s2
CaCr18,616304.4913,1250492.668,2021-10-15T19:20:00Z,5,5.18612442,s2
CaCr18,616284.2862,1250493.961,2021-10-16T07:27:00Z,5,3.11E-04,s2
CaCr18,616299.4992,1250491.006,2021-10-16T15:24:00Z,5,8.392623721,s2
CaCr18,616296.5423,1250557.917,2021-10-18T06:47:00Z,5,5.53E-05,s2
CaCr20,616868.6271,1250118.549,2021-10-18T07:02:00Z,5,5.018111807,s2
CaCr18,616305.3733,1250558.254,2021-10-18T16:05:00Z,5,0.692858725,s2
CaCr18,616261.4037,1250490.737,2021-10-18T19:35:00Z,5,4.746727986,s1
CaCr18,616335.5904,1250513.054,2021-10-19T14:08:00Z,5,5.53E-05,s2
CaCr18,616356.7701,1250362.951,2021-10-20T07:41:00Z,5,1.810636534,s2
CaCr20,616747.2798,1250213.825,2021-10-20T07:51:00Z,5,9.8424703,s2
CaCr20,616735.0326,1250185.361,2021-10-20T15:04:00Z,5,9.615073478,s2
CaCr18,616309.7126,1250507.329,2021-10-20T18:11:00Z,5,3.652181616,s2
CaCr20,616759.2469,1250118.526,2021-10-23T07:16:00Z,5,5.53E-05,s2
CaCr20,616758.4997,1250161.969,2021-10-23T16:15:00Z,5,1.771524417,s2
CaCr20,616732.7887,1250250.618,2021-11-13T06:49:00Z,5,5.89607295,s2
CaCr20,616786.5418,1250206.209,2021-11-13T09:43:00Z,5,5.53E-05,s2
CaCr20,616778.3541,1250162.836,2021-11-13T14:58:00Z,5,2.313562036,s2
CaCr20,616784.1107,1250182.998,2021-11-14T06:38:00Z,5,1.771524417,s2
CaCr20,616808.0192,1250158.098,2021-11-14T15:29:00Z,5,5.575241985,s2
CaCr20,616780.8921,1250157.431,2021-11-14T18:21:00Z,5,5.53E-05,s2
CaCr20,616845.0678,1250148.905,2021-11-15T06:18:00Z,5,1.995969209,s2
CaCr20,616786.5897,1250184.318,2021-11-15T10:57:00Z,5,1.783264895,s2
CaCr20,616794.1621,1250162.49,2021-11-15T15:23:00Z,5,4.240318922,s2
CaCr18,616285.7438,1250541.109,2021-12-02T16:42:00Z,5,5.53E-05,s1
CaCr18,616321.9592,1250513.171,2021-12-02T19:15:00Z,5,3.867724528,s1
CaCr18,616295.2334,1250529.207,2021-12-03T06:52:00Z,5,5.53E-05,s1
CaCr18,616295.2092,1250526.206,2021-12-03T15:19:00Z,5,1.995969209,s1
CaCr18,616292.0748,1250502.661,2021-12-03T18:08:00Z,5,1.02658516,s1
CaCr18,616317.9542,1250510.856,2021-12-04T14:48:00Z,5,2.81751975,s1
CaCr18,616333.2417,1250585.033,2021-12-04T18:56:00Z,5,5.53E-05,s1
CaCr18,616305.9607,1250541.932,2021-12-05T09:07:00Z,5,1.993296906,s1
CaCr18,616302.4033,1250520.665,2021-12-05T15:31:00Z,5,0.935109468,s1
CaCr18,616289.8486,1250510.676,2021-12-05T18:24:00Z,5,2.527140095,s1
CaCr18,616303.0945,1250529.285,2021-12-06T14:59:00Z,5,5.53E-05,s1
CaCr18,616300.9445,1250525.271,2021-12-06T18:32:00Z,5,0.839737289,s1
CaCr18,616305.2511,1250525.746,2021-12-07T07:17:00Z,5,0.770768054,s1
CaCr18,616313.7243,1250472.853,2021-12-07T17:26:00Z,5,1.673488512,s1
CaCr18,616333.716,1250502.163,2021-12-08T07:24:00Z,5,5.53E-05,s1
CaCr18,616329.1798,1250531.36,2021-12-08T14:53:00Z,5,0.067031021,s1
CaCr18,616310.0014,1250518.555,2021-12-08T18:30:00Z,5,0.681757386,s1
CaCr18,616303.7127,1250485.494,2021-12-10T07:11:00Z,5,2.081537093,s1
CaCr18,616323.9414,1250527.838,2021-12-10T16:41:00Z,5,5.53E-05,s1
CaCr18,616328.3006,1250491.081,2021-12-11T07:10:00Z,5,0.067031021,s1
CaCr18,616315.4718,1250504.676,2021-12-11T15:42:00Z,5,0.553589935,s1
CaCr18,616315.2784,1250490.096,2021-12-11T17:57:00Z,5,2.078580806,s1
CaCr18,616328.2499,1250549.992,2021-12-12T07:53:00Z,5,5.53E-05,s1
CaCr18,616319.5547,1250479.917,2021-12-12T15:27:00Z,5,0.067031021,s1
CaCr18,616310.6368,1250512.948,2021-12-14T15:43:00Z,5,1.299636032,s1
CaCr18,616313.6818,1250479.584,2021-12-14T18:57:00Z,5,2.159774278,s1
CaCr18,616337.7474,1250527.374,2021-12-15T07:24:00Z,5,2.039921122,s1
CaCr18,616315.206,1250482.858,2021-12-16T07:17:00Z,5,0.067031021,s1
CaCr18,616296.0616,1250542.463,2021-12-16T18:20:00Z,5,1.383817257,s1
CaCr18,616295.3375,1250516.155,2021-12-17T08:15:00Z,5,5.53E-05,s1
CaCr18,616300.9431,1250523.773,2021-12-17T15:12:00Z,5,2.135611534,s1
CaCr18,616326.4905,1250539.621,2021-12-17T17:59:00Z,5,5.53E-05,s1
CaCr18,616318.0989,1250507.533,2021-12-18T08:00:00Z,5,0.067031021,s1
CaCr18,616333.753,1250504.03,2021-12-18T15:26:00Z,5,1.60245464,s1
CaCr18,616329.6573,1250522.095,2021-12-18T18:13:00Z,5,2.087525308,s1
CaCr18,616333.504,1250574.204,2021-12-19T06:02:00Z,5,5.53E-05,s1
CaCr18,616358.3898,1250527.795,2021-12-19T14:31:00Z,5,0.067031021,s1
CaCr18,616307.0153,1250526.26,2021-12-21T16:02:00Z,5,1.710332211,s1
CaCr18,616345.758,1250550.498,2021-12-21T18:26:00Z,5,1.978332121,s1
CaCr18,616332.3648,1250492.949,2021-12-22T07:16:00Z,5,1.710332211,s1
CaCr18,616320.2821,1250492.409,2021-12-22T15:45:00Z,5,5.53E-05,s1
CaCr18,616330.8382,1250503.55,2021-12-22T18:57:00Z,5,0.067031021,s1
CaCr18,616329.1722,1250486.723,2021-12-23T07:56:00Z,5,1.886058004,s1
CaCr18,616332.6192,1250495.535,2021-12-23T15:13:00Z,5,1.886058004,s1
CaCr18,616313.0182,1250490.191,2021-12-23T18:36:00Z,5,1.976837821,s1
CaCr18,616319.9508,1250518.557,2021-12-24T06:54:00Z,5,5.53E-05,s1
CaCr18,616328.1476,1250520.978,2021-12-24T15:39:00Z,5,0.352753607,s1
CaCr18,616343.03,1250520.794,2021-12-25T08:06:00Z,5,1.886058004,s1
CaCr18,616311.5421,1250509.72,2021-12-25T15:42:00Z,5,0.17573245,s1
CaCr18,616314.7721,1250521.897,2021-12-26T15:32:00Z,5,1.795843591,s1
CaCr18,616364.818,1250528.593,2021-12-26T19:08:00Z,5,5.53E-05,s1
CaCr18,616311.5058,1250519.674,2021-12-27T16:41:00Z,5,1.614225462,s1
CaCr18,616318.0303,1250526.333,2021-12-28T15:17:00Z,5,1.944546186,s1
CaCr18,616318.0303,1250526.333,2021-12-29T08:15:00Z,5,0.102058423,s1
CaCr18,616318.0303,1250526.333,2021-12-29T16:30:00Z,5,1.6598261,s1
CaCr18,616318.0303,1250526.333,2021-12-30T06:32:00Z,5,5.53E-05,s1
CaCr18,616318.0303,1250526.333,2021-12-30T13:15:00Z,5,3.085610784,s1
CaCr18,616318.0303,1250526.333,2021-12-30T19:45:00Z,5,2.433872832,s1
CaCr18,616318.0303,1250526.333,2021-12-31T07:15:00Z,5,0.026234882,s1
CaCr18,616318.0303,1250526.333,2021-12-31T15:11:00Z,5,0.820788594,s1
CaCr18,616318.0303,1250526.333,2022-01-01T06:05:00Z,5,5.53E-05,s1
CaCr18,616318.0303,1250526.333,2022-01-01T13:50:00Z,5,3.243602357,s1
CaCr18,616318.0303,1250526.333,2022-01-01T18:15:00Z,5,1.06486888,s1
CaCr18,616318.0303,1250526.333,2022-01-02T14:29:00Z,5,0.019841445,s1
CaCr18,616318.0303,1250526.333,2022-01-02T20:50:00Z,5,0.286955033,s1
CaCr18,616318.0303,1250526.333,2022-01-03T05:50:00Z,5,5.53E-05,s1
CaCr18,616318.0303,1250526.333,2022-01-03T13:15:00Z,5,3.186059356,s1
CaCr18,616318.0303,1250526.333,2022-01-03T21:51:00Z,5,0.702856453,s1
CaCr18,616318.0303,1250526.333,2022-01-04T07:32:00Z,5,0.015884212,s1
CaCr18,616318.0303,1250526.333,2022-01-04T13:34:00Z,5,0.286955033,s1
CaCr18,616318.0303,1250526.333,2022-01-05T02:00:00Z,5,5.53E-05,s1
CaCr18,616318.0303,1250526.333,2022-01-05T07:10:00Z,5,3.26139762,s1
CaCr18,616318.0303,1250526.333,2022-01-05T14:37:00Z,5,0.463655326,s1
CaCr18,616318.0303,1250526.333,2022-01-05T17:45:00Z,5,0.286955033,s1
CaCr18,616318.0303,1250526.333,2022-01-06T03:05:00Z,5,5.53E-05,s1
CaCr18,616318.0303,1250526.333,2022-01-06T13:45:00Z,5,0.013246056,s1
CaCr18,616318.0303,1250526.333,2022-01-06T20:19:00Z,5,3.418334885,s1
CaCr18,616318.0303,1250526.333,2022-01-07T02:05:00Z,5,0.374736004,s1
CaCr18,616318.0303,1250526.333,2022-01-07T14:11:00Z,5,0.011361659,s1
CaCr18,616318.0303,1250526.333,2022-01-07T19:40:00Z,5,0.286955033,s1
CaCr18,616318.0303,1250526.333,2022-01-08T07:49:00Z,5,5.53E-05,s1
CaCr18,616318.0303,1250526.333,2022-01-08T14:00:00Z,5,3.285695971,s1
CaCr18,616318.0303,1250526.333,2022-01-09T07:57:00Z,5,0.395933336,s1
