id,datetime,latitude,longitude
CrAc77,2021-02-16T18:15:00Z,11.31255,-73.94093
CrAc11,2021-02-16T22:17:00Z,11.31807905,-73.95280031
CrAc77,2021-02-17T06:57:00Z,11.31433,-73.9464
CrAc11,2021-02-17T07:33:00Z,11.31820594,-73.95291767
CrAc77,2021-02-17T17:00:00Z,11.31433,-73.9464
CrAc11,2021-02-17T21:00:00Z,11.31843575,-73.95296233
CrAc11,2021-02-18T07:24:00Z,11.31614241,-73.95123801
CrAc11,2021-02-18T14:24:00Z,11.31687054,-73.95141405
CrAc11,2021-02-19T01:36:00Z,11.31786434,-73.95295188
CrAc11,2021-02-19T09:34:00Z,11.3168046,-73.95215218
CrAc11,2021-02-19T17:02:00Z,11.31667695,-73.95212752
CrAc11,2021-02-19T21:37:00Z,11.31467,-73.94666
CrAc11,2021-02-20T07:56:00Z,11.31652537,-73.95112286
CrAc77,2021-02-20T17:15:00Z,11.31996,-73.95375
CrAc11,2021-02-21T08:23:00Z,11.31790975,-73.95272876
CrAc11,2021-02-21T16:51:00Z,11.31800966,-73.95310143
CrAc4,2021-02-21T22:01:00Z,11.30791,-73.92712
CrAc11,2021-02-22T10:50:00Z,11.31675768,-73.95142464
CrAc11,2021-02-22T15:20:00Z,11.31670466,-73.95128962
CrAc4,2021-02-22T16:41:00Z,11.30742597,-73.92724756
CrAc4,2021-02-22T20:55:00Z,11.30765992,-73.92821528
CrAc11,2021-02-23T10:43:00Z,11.31771271,-73.95327067
CrAc11,2021-02-23T16:10:00Z,11.31749535,-73.95225372
CrAc4,2021-02-23T20:38:00Z,11.30797,-73.92778
CrAc4,2021-02-23T21:00:00Z,11.3078219,-73.9276209
CrAc11,2021-02-24T10:08:00Z,11.31726486,-73.95248038
CrAc11,2021-02-24T15:45:00Z,11.31772045,-73.95234849
CrAc11,2021-02-24T20:37:00Z,11.31666076,-73.95138455
CrAc11,2021-02-25T09:29:00Z,11.31685599,-73.95218104
CrAc4,2021-02-25T13:44:00Z,11.30732356,-73.92757107
CrAc11,2021-02-25T16:04:00Z,11.316595,-73.95115966
CrAc77,2021-02-25T18:00:00Z,11.31912,-73.95359
CrAc11,2021-02-26T16:35:00Z,11.31665,-73.95071
CrAc11,2021-02-26T21:19:00Z,11.31672854,-73.95138714
CrAc4,2021-02-27T08:28:00Z,11.30739153,-73.92801479
CrAc11,2021-02-27T09:54:00Z,11.31660776,-73.95078151
CrAc11,2021-02-27T14:51:00Z,11.31662,-73.95068
CrAc4,2021-02-28T08:22:00Z,11.30758255,-73.9284355
CrAc11,2021-02-28T09:59:00Z,11.3166863,-73.95099259
CrAc4,2021-02-28T16:44:00Z,11.30723249,-73.92845995
CrAc11,2021-03-01T00:02:00Z,11.31661,-73.95135
CrAc11,2021-03-02T08:45:00Z,11.31662,-73.95068
CrAc11,2021-03-02T21:31:00Z,11.31653326,-73.95135974
CrAc11,2021-03-03T10:06:00Z,11.31680869,-73.95128797
CrAc11,2021-03-03T15:07:00Z,11.31677814,-73.95100502
CrAc11,2021-03-03T21:25:00Z,11.31619848,-73.95118889
CrAc11,2021-03-04T08:41:00Z,11.31780605,-73.9525371
CrAc77,2021-03-05T06:45:00Z,11.3123,-73.94052
CrAc11,2021-03-05T07:40:00Z,11.31828061,-73.95251514
CrAc11,2021-03-05T17:35:00Z,11.31844948,-73.95255838
CrAc77,2021-03-05T18:36:00Z,11.31247,-73.94047
CrAc11,2021-03-06T10:40:00Z,11.31834108,-73.95257026
CrAc11,2021-03-06T21:15:00Z,11.31908,-73.95281
CrAc11,2021-03-07T09:58:00Z,11.31836055,-73.95265147
CrAc11,2021-03-07T15:07:00Z,11.31775675,-73.95309052
CrAc11,2021-03-07T19:18:00Z,11.31682097,-73.95233863
CrAc11,2021-03-08T10:19:00Z,11.31667,-73.9513
CrAc11,2021-03-08T18:16:00Z,11.31767546,-73.95220871
CrAc11,2021-03-09T10:19:00Z,11.31674272,-73.95112462
CrAc11,2021-03-09T15:02:00Z,11.31656035,-73.95162518
CrAc11,2021-03-09T23:02:00Z,11.3166,-73.95106
CrAc11,2021-03-10T09:25:00Z,11.31660895,-73.95084825
CrAc11,2021-03-10T20:32:00Z,11.31641,-73.95035
CrAc11,2021-03-11T10:32:00Z,11.31726,-73.95222
CrAc11,2021-03-11T16:11:00Z,11.31619709,-73.95052805
CrAc11,2021-03-11T20:34:00Z,11.31733671,-73.95226869
CrAc11,2021-03-12T11:44:00Z,11.31751184,-73.95212592
CrAc11,2021-03-12T17:55:00Z,11.31753726,-73.95227085
CrAc11,2021-03-14T08:32:00Z,11.31657,-73.95048
CrAc11,2021-03-14T16:37:00Z,11.31744209,-73.95196269
CrAc11,2021-03-14T21:29:00Z,11.31747246,-73.95202197
CrAc11,2021-03-15T09:13:00Z,11.31770704,-73.95203203
CrAc11,2021-03-15T09:14:00Z,11.31770704,-73.95203203
CrAc11,2021-03-15T16:37:00Z,11.31755865,-73.95199855
CrAc11,2021-03-15T21:46:00Z,11.31659,-73.95042
CrAc11,2021-03-16T11:36:00Z,11.31751443,-73.95207167
CrAc11,2021-03-16T16:12:00Z,11.3176467,-73.95235965
CrAc11,2021-03-16T20:20:00Z,11.31775045,-73.95248771
CrAc11,2021-03-17T10:08:00Z,11.31763647,-73.95207243
CrAc11,2021-03-17T12:50:00Z,11.31724611,-73.95189717
CrAc11,2021-03-18T16:51:00Z,11.31762116,-73.95197525
CrAc11,2021-03-18T21:45:00Z,11.31792,-73.95251
CrAc11,2021-03-19T16:48:00Z,11.31664,-73.9511
CrAc11,2021-03-20T03:32:00Z,11.31781,-73.95251
CrAc11,2021-03-20T17:10:00Z,11.31766233,-73.95234639
CrAc11,2021-03-20T20:43:00Z,11.31761837,-73.95223653
CrAc11,2021-03-21T15:44:00Z,11.3174999,-73.95219804
CrAc11,2021-03-22T01:38:00Z,11.31858,-73.95235
CrAc11,2021-03-22T10:15:00Z,11.31748096,-73.95222089
CrAc11,2021-03-22T15:43:00Z,11.3175057,-73.95202752
CrAc11,2021-03-23T10:57:00Z,11.31767872,-73.95210839
CrAc11,2021-03-23T15:13:00Z,11.31810923,-73.95227393
CrAc11,2021-03-24T10:30:00Z,11.3173915,-73.95180359
CrAc11,2021-03-24T20:30:00Z,11.3173915,-73.95180359
CrAc11,2021-03-25T10:53:00Z,11.3167,-73.95134
CrAc11,2021-03-29T17:11:00Z,11.31757495,-73.95207343
CrAc11,2021-03-29T20:19:00Z,11.31753666,-73.95196273
CrAc11,2021-03-30T08:05:00Z,11.31816465,-73.95280845
CrAc11,2021-03-30T17:21:00Z,11.31740727,-73.95214872
CrAc11,2021-03-31T10:51:00Z,11.31736495,-73.95218995
CrAc11,2021-03-31T16:10:00Z,11.31789,-73.95256
CrAc11,2021-03-31T19:25:00Z,11.31656,-73.95045
CrAc11,2021-04-01T09:52:00Z,11.3176612,-73.95213242
CrAc11,2021-04-01T17:08:00Z,11.31789,-73.95248
CrAc11,2021-04-01T21:06:00Z,11.31671,-73.95136
CrAc11,2021-04-02T10:05:00Z,11.31776845,-73.9520622
CrAc11,2021-04-04T16:38:00Z,11.31755178,-73.95242837
CrAc11,2021-04-05T11:47:00Z,11.31793,-73.95253
CrAc11,2021-04-05T17:47:00Z,11.31779532,-73.9523145
CrAc11,2021-04-05T20:39:00Z,11.31745456,-73.9520635
CrAc11,2021-04-06T08:36:00Z,11.31767315,-73.95214749
CrAc11,2021-04-06T15:49:00Z,11.31778,-73.95249
CrAc11,2021-04-06T21:01:00Z,11.31756567,-73.95184341
CrAc11,2021-04-07T11:02:00Z,11.31786,-73.95253
CrAc11,2021-04-07T17:54:00Z,11.31766761,-73.95204941
CrAc11,2021-04-07T21:43:00Z,11.31696,-73.95241
CrAc11,2021-04-08T12:07:00Z,11.3172,-73.95256
CrAc11,2021-04-08T14:09:00Z,11.31755832,-73.95176742
CrAc11,2021-04-10T11:10:00Z,11.31722242,-73.95242614
CrAc11,2021-04-10T16:18:00Z,11.3171618,-73.95196107
CrAc11,2021-04-10T19:50:00Z,11.31860213,-73.95289673
CrAc11,2021-04-11T10:20:00Z,11.31714977,-73.9519527
CrAc11,2021-04-11T14:47:00Z,11.31753753,-73.95226263
CrAc11,2021-04-11T20:46:00Z,11.31708527,-73.95129785
CrAc11,2021-05-08T22:14:00Z,11.31652,-73.94842
CrAc11,2021-05-10T18:21:00Z,11.31458,-73.94651
CaCr10,2021-05-10T19:30:00Z,11.30904,-73.93258
CaCr11,2021-05-10T23:45:00Z,11.3031,-73.92826
CrAc11,2021-05-11T08:20:00Z,11.31433,-73.94634
CaCr11,2021-05-12T08:57:00Z,11.3032,-73.92826
CaCr10,2021-05-12T11:55:00Z,11.30906,-73.9326
CrAc11,2021-05-13T15:33:00Z,11.31429,-73.94639
CaCr11,2021-05-13T16:36:00Z,11.3031365,-73.92833635
CaCr11,2021-05-13T18:44:00Z,11.30309,-73.92823
CrAc11,2021-05-13T20:23:00Z,11.31424615,-73.94633644
CrAc11,2021-05-15T10:21:00Z,11.31384365,-73.946167
CrAc11,2021-05-15T18:30:00Z,11.3142141,-73.94633825
CaCr11,2021-05-15T19:53:00Z,11.30315,-73.92826
CaCr11,2021-05-16T19:13:00Z,11.3028565,-73.92817352
CaCr7,2021-05-16T22:00:00Z,11.30311,-73.92827
CaCr7,2021-05-17T10:09:00Z,11.3031,-73.92826
CaCr11,2021-05-17T10:30:00Z,11.3029,-73.9283
CaCr11,2021-05-17T13:54:00Z,11.3029432,-73.92841914
CaCr7,2021-05-17T14:09:00Z,11.3030962,-73.92839269
CaCr11,2021-05-17T22:35:00Z,11.30278707,-73.92837373
CaCr7,2021-05-17T22:59:00Z,11.30306712,-73.9282795
CaCr7,2021-05-18T09:04:00Z,11.30311302,-73.92826878
CaCr11,2021-05-18T09:25:00Z,11.30285273,-73.92840694
CrAc11,2021-05-18T11:03:00Z,11.3143,-73.94635
CrAc11,2021-05-18T15:44:00Z,11.31397057,-73.9461251
CaCr7,2021-05-18T17:30:00Z,11.30304313,-73.92831378
CaCr11,2021-05-18T17:37:00Z,11.3029917,-73.9283475
CaCr7,2021-05-18T22:33:00Z,11.30318,-73.92828
CaCr11,2021-05-18T22:45:00Z,11.30284,-73.92847
CaCr11,2021-05-19T10:45:00Z,11.30302427,-73.92874087
CaCr7,2021-05-19T11:03:00Z,11.3029905,-73.92832941
CrAc11,2021-05-19T12:07:00Z,11.31427,-73.94636
CrAc11,2021-05-19T18:58:00Z,11.3142902,-73.94638961
CaCr7,2021-05-20T10:52:00Z,11.30321711,-73.92845079
CaCr11,2021-05-20T10:56:00Z,11.30391427,-73.92915385
CrAc11,2021-05-20T16:24:00Z,11.31419198,-73.94633401
CrAc11,2021-05-20T18:09:00Z,11.31429,-73.94637
CaCr11,2021-05-21T23:29:00Z,11.30320349,-73.92838345
CaCr11,2021-05-22T10:09:00Z,11.30331667,-73.92839879
CaCr7,2021-05-28T18:21:00Z,11.30315215,-73.92858346
CaCr11,2021-05-28T18:35:00Z,11.3030228,-73.92850356
CaCr11,2021-05-29T08:42:00Z,11.30304723,-73.92855277
CaCr7,2021-05-29T08:49:00Z,11.30306022,-73.92838085
CaCr11,2021-05-29T17:07:00Z,11.30281579,-73.92848397
CaCr7,2021-05-29T17:26:00Z,11.30306533,-73.92832055
CaCr7,2021-05-29T19:01:00Z,11.30312,-73.92821
CaCr11,2021-05-29T19:06:00Z,11.30283861,-73.92847086
CrAc11,2021-06-02T11:28:00Z,11.31397671,-73.94631491
CaCr11,2021-06-06T17:10:00Z,11.30314082,-73.9283557
CaCr7,2021-06-08T11:32:00Z,11.30316808,-73.92794274
CaCr7,2021-06-08T12:06:00Z,11.30323998,-73.92775089
CaCr11,2021-06-08T12:09:00Z,11.30308,-73.92826
CrAc11,2021-06-08T17:06:00Z,11.31423349,-73.94645673
CaCr11,2021-06-14T21:57:00Z,11.30382676,-73.9282774
CrAc11,2021-06-14T23:22:00Z,11.31429,-73.94637
CaCr11,2021-06-15T10:20:00Z,11.30342451,-73.92797619
CaCr11,2021-06-15T14:21:00Z,11.30343182,-73.92799785
CaCr11,2021-06-15T16:43:00Z,11.30318594,-73.92812685
CaCr11,2021-06-15T20:51:00Z,11.30298848,-73.92806601
CaCr11,2021-06-16T08:32:00Z,11.30291661,-73.92812362
CrAc11,2021-06-16T13:32:00Z,11.31416124,-73.94642606
CrAc11,2021-06-16T18:58:00Z,11.314299,-73.94637
CaCr11,2021-06-16T22:31:00Z,11.30307524,-73.92782364
CaCr11,2021-06-17T14:59:00Z,11.30283844,-73.92837863
CrAc11,2021-06-17T16:13:00Z,11.31396592,-73.9465844
CaCr11,2021-06-18T16:36:00Z,11.30290868,-73.92841541
CaCr11,2021-06-19T17:13:00Z,11.30303417,-73.92835195
CaCr11,2021-06-19T22:14:00Z,11.30311,-73.92823
CaCr10,2021-06-20T08:43:00Z,11.30774621,-73.92816524
CaCr11,2021-06-20T09:00:00Z,11.3035312,-73.92785479
CaCr7,2021-06-20T09:13:00Z,11.30311893,-73.92829273
CaCr10,2021-06-22T07:02:00Z,11.30745083,-73.92828026
CaCr11,2021-06-22T07:31:00Z,11.30308582,-73.92884189
CaCr10,2021-06-23T10:13:00Z,11.30706958,-73.92882678
CaCr11,2021-06-25T14:22:00Z,11.30307858,-73.92803989
CaCr11,2021-06-25T22:19:00Z,11.30306,-73.92828
CaCr10,2021-06-25T22:51:00Z,11.30742,-73.92841
CrAc11,2021-06-26T16:20:00Z,11.31737714,-73.95301887
CrAc11,2021-06-26T20:51:00Z,11.31903,-73.95274
CrAc11,2021-06-27T05:55:00Z,11.31846,-73.95233
CaCr11,2021-06-27T07:08:00Z,11.3030802,-73.9283321
CaCr10,2021-06-27T16:57:00Z,11.30743,-73.92841
CaCr11,2021-06-27T17:03:00Z,11.30295683,-73.92806079
CrAc11,2021-06-27T18:09:00Z,11.31611908,-73.95171904
CrAc11,2021-06-28T06:00:00Z,11.31761,-73.95188
CrAc11,2021-06-28T14:18:00Z,11.3176522,-73.95230557
CaCr10,2021-06-28T15:58:00Z,11.30736022,-73.92840505
CaCr11,2021-06-28T16:21:00Z,11.30314165,-73.92778208
CaCr11,2021-06-28T19:15:00Z,11.30289825,-73.9281941
CaCr10,2021-06-28T19:30:00Z,11.30724205,-73.92838452
CaCr11,2021-06-29T11:13:00Z,11.30306999,-73.92809588
CrAc11,2021-06-29T14:41:00Z,11.31975,-73.95379
CaCr10,2021-06-29T15:43:00Z,11.30736022,-73.92840505
CaCr11,2021-06-29T16:15:00Z,11.30288264,-73.92821643
CaCr11,2021-06-29T20:37:00Z,11.30310642,-73.92834422
CaCr10,2021-06-29T20:54:00Z,11.30782557,-73.92815012
CrAc11,2021-06-29T23:12:00Z,11.31886064,-73.95272876
CrAc11,2021-06-30T10:08:00Z,11.31778313,-73.95226526
CrAc11,2021-06-30T15:10:00Z,11.317435,-73.95229999
CaCr10,2021-06-30T17:44:00Z,11.30715301,-73.92846904
CaCr11,2021-06-30T18:04:00Z,11.30304489,-73.92809849
CaCr11,2021-06-30T18:50:00Z,11.30279679,-73.92848678
CrAc11,2021-07-01T05:36:00Z,11.31751177,-73.95227262
CaCr10,2021-07-01T10:26:00Z,11.30784877,-73.9283146
CrAc11,2021-07-03T05:52:00Z,11.31908936,-73.95366592
CaCr10,2021-07-03T10:12:00Z,11.30758014,-73.92844469
CaCr11,2021-07-03T10:24:00Z,11.30307106,-73.92849261
CaCr11,2021-07-03T15:13:00Z,11.30314357,-73.92879641
CaCr10,2021-07-03T15:32:00Z,11.3074,-73.92847
CrAc11,2021-07-03T17:13:00Z,11.31880817,-73.95291213
CaCr10,2021-07-03T21:32:00Z,11.30784877,-73.9283146
CrAc11,2021-07-03T22:34:00Z,11.31902411,-73.95296098
CaCr10,2021-07-04T10:08:00Z,11.30767167,-73.92912983
CaCr11,2021-07-04T10:33:00Z,11.30311387,-73.92854609
CaCr11,2021-07-04T15:17:00Z,11.30330015,-73.92865109
CaCr10,2021-07-04T15:32:00Z,11.30736633,-73.92877205
CrAc11,2021-07-04T19:45:00Z,11.31908141,-73.9536381
CrAc11,2021-07-05T15:26:00Z,11.31884603,-73.95394375
CaCr10,2021-07-06T10:08:00Z,11.30767167,-73.92912983
CaCr10,2021-07-06T16:39:00Z,11.30729,-73.92838489
CaCr11,2021-07-06T16:52:00Z,11.3030609,-73.92801966
CaCr11,2021-07-07T12:28:00Z,11.30309,-73.92826
CrAc11,2021-07-07T20:15:00Z,11.31591597,-73.95095256
CaCr10,2021-07-08T11:11:00Z,11.307783,-73.92819666
CaCr11,2021-07-08T11:24:00Z,11.30315202,-73.92809115
CaCr11,2021-07-08T15:28:00Z,11.30310526,-73.92809503
CaCr10,2021-07-08T15:39:00Z,11.30774639,-73.92847482
CrAc11,2021-07-09T09:15:00Z,11.31662,-73.95054
CaCr11,2021-07-09T16:31:00Z,11.30302649,-73.92808962
CaCr10,2021-07-09T16:43:00Z,11.30797071,-73.92862786
CaCr11,2021-07-10T10:28:00Z,11.30294763,-73.92815491
CaCr10,2021-07-10T10:42:00Z,11.30751997,-73.9284966
CaCr11,2021-07-10T13:37:00Z,11.30304678,-73.92812676
CaCr10,2021-07-10T13:51:00Z,11.30753238,-73.92825805
CrAc11,2021-07-10T15:39:00Z,11.31750875,-73.9524302
CrAc11,2021-07-10T23:10:00Z,11.31977,-73.95362
CaCr10,2021-07-11T09:58:00Z,11.30727156,-73.92882495
CaCr11,2021-07-11T10:28:00Z,11.30314689,-73.92831598
CrAc11,2021-07-11T16:32:00Z,11.31729808,-73.95247153
CrAc11,2021-07-11T20:15:00Z,11.31761984,-73.95216306
CaCr10,2021-07-12T10:13:00Z,11.30747188,-73.92935324
CrAc11,2021-07-12T17:13:00Z,11.31658322,-73.95157869
CrAc11,2021-07-12T21:39:00Z,11.31919538,-73.95370818
CrAc11,2021-07-13T06:03:00Z,11.31899726,-73.95291292
CaCr10,2021-07-13T11:49:00Z,11.30832109,-73.92800161
CaCr11,2021-07-13T12:20:00Z,11.30289987,-73.92801146
CaCr10,2021-07-13T16:45:00Z,11.30805642,-73.92882994
CrAc11,2021-07-14T06:09:00Z,11.31650516,-73.9520272
CaCr10,2021-07-15T10:49:00Z,11.30811429,-73.9279434
CaCr11,2021-07-15T11:18:00Z,11.30289,-73.92834
CrAc11,2021-07-15T15:02:00Z,11.31900621,-73.95092424
CaCr10,2021-07-15T16:41:00Z,11.30727263,-73.92884935
CaCr11,2021-07-15T17:05:00Z,11.30294763,-73.92815491
CaCr10,2021-07-15T21:49:00Z,11.30811429,-73.9279434
CrAc11,2021-07-15T22:11:00Z,11.31784279,-73.95238538
CrAc11,2021-07-16T23:18:00Z,11.31758725,-73.95241784
CaCr10,2021-07-17T08:26:00Z,11.30727233,-73.92839718
CaCr11,2021-07-17T08:34:00Z,11.30317294,-73.92829195
CaCr11,2021-07-18T15:51:00Z,11.30315171,-73.92809757
CaCr10,2021-07-18T16:16:00Z,11.30906534,-73.92774504
CrAc11,2021-07-20T06:52:00Z,11.31622995,-73.95132698
CrAc11,2021-07-24T23:26:00Z,11.31887097,-73.95292854
CaCr7,2021-07-27T14:39:00Z,11.29827514,-73.93202515
CaCr11,2021-07-28T18:38:00Z,11.30291299,-73.9281138
CrAc11,2021-07-29T06:06:00Z,11.31652208,-73.95103458
CaCr11,2021-07-29T16:16:00Z,11.30306913,-73.92854651
CaCr11,2021-07-30T09:40:00Z,11.3032655,-73.92780688
CaCr7,2021-07-30T11:03:00Z,11.30222575,-73.93015503
CaCr11,2021-07-30T14:53:00Z,11.30308897,-73.92798633
CaCr11,2021-07-30T19:18:00Z,11.3029492,-73.92883377
CaCr11,2021-07-31T09:29:00Z,11.30292055,-73.92866229
CrAc11,2021-08-01T09:47:00Z,11.31727457,-73.95207054
CaCr11,2021-08-01T11:35:00Z,11.30308516,-73.92889531
CaCr11,2021-08-01T15:29:00Z,11.30289999,-73.9286505
CaCr11,2021-08-01T18:55:00Z,11.3031188,-73.92864414
CaCr11,2021-08-02T10:57:00Z,11.30297987,-73.92850036
CaCr11,2021-08-02T14:23:00Z,11.3030443,-73.92813868
CaCr11,2021-08-03T11:38:00Z,11.30291841,-73.92901441
CaCr7,2021-08-03T11:44:00Z,11.30348043,-73.92997767
CaCr11,2021-08-03T16:05:00Z,11.30298479,-73.92872851
CaCr7,2021-08-04T00:19:00Z,11.30270857,-73.92874499
CaCr7,2021-08-04T08:59:00Z,11.30289076,-73.92914375
CaCr11,2021-08-04T09:04:00Z,11.30311363,-73.92874871
CaCr11,2021-08-05T10:23:00Z,11.30311474,-73.92868398
CaCr7,2021-08-05T10:31:00Z,11.30325005,-73.92817419
CaCr11,2021-08-05T20:12:00Z,11.30316159,-73.92860291
CaCr7,2021-08-05T20:13:00Z,11.3031502,-73.92822368
CaCr7,2021-08-06T08:26:00Z,11.30346496,-73.92808241
CaCr11,2021-08-06T08:28:00Z,11.30282273,-73.92843519
CaCr7,2021-08-07T11:03:00Z,11.30322619,-73.92846007
CaCr11,2021-08-07T11:04:00Z,11.3032491,-73.92872799
CaCr11,2021-08-07T14:30:00Z,11.30317,-73.92833
CaCr7,2021-08-07T16:03:00Z,11.30321081,-73.92837646
CaCr11,2021-08-07T16:07:00Z,11.30332525,-73.9287939
CaCr11,2021-08-07T19:25:00Z,11.30316163,-73.92906814
CaCr7,2021-08-07T19:26:00Z,11.30323041,-73.92811009
CaCr11,2021-08-08T07:36:00Z,11.30268998,-73.92919577
CaCr7,2021-08-08T07:37:00Z,11.30317594,-73.92835256
CaCr7,2021-08-09T10:44:00Z,11.3031216,-73.92842239
CaCr11,2021-08-09T10:45:00Z,11.30310208,-73.92862833
CaCr11,2021-08-09T18:41:00Z,11.30304685,-73.92876588
CaCr7,2021-08-09T18:42:00Z,11.3031514,-73.92819803
CaCr7,2021-08-10T05:42:00Z,11.30300908,-73.9283459
CaCr11,2021-08-10T05:43:00Z,11.30284441,-73.92907978
CaCr11,2021-08-10T10:35:00Z,11.30333671,-73.92959278
CaCr7,2021-08-10T10:36:00Z,11.3030973,-73.92838191
CaCr7,2021-08-11T11:21:00Z,11.30297849,-73.92831735
CaCr11,2021-08-11T11:22:00Z,11.30291011,-73.92868601
CaCr7,2021-08-11T18:04:00Z,11.30320964,-73.92851433
CaCr11,2021-08-11T18:05:00Z,11.30300892,-73.92901746
CaCr11,2021-08-11T20:10:00Z,11.302818,-73.92883489
CaCr11,2021-08-12T09:34:00Z,11.30288635,-73.9286502
CaCr7,2021-08-12T09:35:00Z,11.30313686,-73.9283761
CaCr11,2021-08-13T16:36:00Z,11.30301418,-73.92892717
CaCr7,2021-08-13T16:37:00Z,11.30315024,-73.9285472
CaCr10,2021-08-13T16:59:00Z,11.31026153,-73.93409288
CaCr10,2021-08-14T16:22:00Z,11.31055269,-73.93398435
CaCr7,2021-08-14T16:48:00Z,11.30307854,-73.92844806
CaCr11,2021-08-14T16:49:00Z,11.30287876,-73.92920502
CaCr7,2021-08-14T19:08:00Z,11.30278689,-73.92820654
CaCr11,2021-08-14T19:12:00Z,11.30293322,-73.92917431
CaCr10,2021-08-14T19:36:00Z,11.31104474,-73.93375929
CaCr11,2021-08-15T08:49:00Z,11.30328525,-73.92880072
CaCr7,2021-08-15T08:50:00Z,11.30310401,-73.92855854
CaCr10,2021-08-15T10:39:00Z,11.31016384,-73.9343202
CaCr10,2021-08-15T19:39:00Z,11.31016384,-73.9343202
CaCr11,2021-08-16T07:47:00Z,11.3031262,-73.92889008
CaCr11,2021-08-16T10:38:00Z,11.30332928,-73.92855205
CaCr7,2021-08-18T11:09:00Z,11.29916405,-73.93193317
CaCr10,2021-08-19T08:56:00Z,11.31033056,-73.93429191
CaCr7,2021-08-19T09:57:00Z,11.30309019,-73.92929419
CaCr7,2021-08-19T15:18:00Z,11.30234516,-73.92926841
CaCr10,2021-08-19T15:44:00Z,11.31056966,-73.93353828
CaCr7,2021-08-20T07:27:00Z,11.30212538,-73.9290237
CaCr7,2021-08-21T09:36:00Z,11.30222886,-73.92956434
CaCr7,2021-08-22T09:28:00Z,11.30277127,-73.92975197
CaCr10,2021-08-22T09:58:00Z,11.31107676,-73.93378792
CaCr7,2021-08-23T09:11:00Z,11.30212137,-73.92938029
CaCr7,2021-08-24T13:46:00Z,11.3021459,-73.92925354
CaCr7,2021-08-25T07:25:00Z,11.30221739,-73.92974632
CaCr7,2021-08-25T18:26:00Z,11.30238788,-73.9294864
CaCr7,2021-08-26T07:32:00Z,11.30226368,-73.93115431
CaCr18,2021-08-30T08:03:00Z,11.31027496,-73.93437928
CaCr18,2021-09-01T09:23:00Z,11.31006451,-73.93426064
CaCr18,2021-09-01T15:45:00Z,11.31021676,-73.93439741
CaCr18,2021-09-01T19:33:00Z,11.30994873,-73.93446941
CaCr18,2021-09-02T09:44:00Z,11.31012882,-73.93436498
CaCr18,2021-09-03T14:49:00Z,11.30999484,-73.93434186
CaCr7,2021-09-03T21:33:00Z,11.30218057,-73.92902074
CaCr18,2021-09-04T10:40:00Z,11.31051074,-73.9342363
CaCr18,2021-09-04T16:12:00Z,11.31043279,-73.93435325
CaCr18,2021-09-05T08:18:00Z,11.31049842,-73.93440957
CaCr7,2021-09-05T08:38:00Z,11.30282645,-73.93003489
CaCr18,2021-09-05T19:24:00Z,11.31081111,-73.93416327
CaCr18,2021-09-06T11:56:00Z,11.31011863,-73.93435916
CaCr7,2021-09-06T12:25:00Z,11.30233697,-73.92905945
CaCr18,2021-09-06T23:54:00Z,11.31033515,-73.93431751
CaCr7,2021-09-07T10:38:00Z,11.3020379,-73.92962805
CaCr7,2021-09-07T18:43:00Z,11.3028845,-73.9308141
CaCr18,2021-09-07T20:10:00Z,11.30993826,-73.93421652
CaCr7,2021-09-08T09:10:00Z,11.30233182,-73.92927517
CaCr20,2021-09-08T09:49:00Z,11.30744069,-73.92689661
CaCr18,2021-09-08T10:04:00Z,11.31000651,-73.93404485
CaCr20,2021-09-08T15:52:00Z,11.30705249,-73.93012369
CaCr18,2021-09-08T16:06:00Z,11.31001761,-73.93416076
CaCr11,2021-09-09T10:46:00Z,11.30274572,-73.93561205
CaCr18,2021-09-09T16:17:00Z,11.31023005,-73.93432035
CaCr20,2021-09-09T16:32:00Z,11.30706471,-73.93008392
CaCr7,2021-09-09T20:41:00Z,11.3027534,-73.92982504
CaCr7,2021-09-10T15:27:00Z,11.30276809,-73.9297021
CaCr11,2021-09-10T16:00:00Z,11.3032189,-73.93550902
CaCr20,2021-09-10T16:19:00Z,11.30699624,-73.92977853
CaCr18,2021-09-10T16:34:00Z,11.31070172,-73.93433031
CaCr18,2021-09-10T18:51:00Z,11.31041472,-73.93419044
CaCr20,2021-09-10T19:06:00Z,11.30718231,-73.93003196
CaCr20,2021-09-11T07:05:00Z,11.30678017,-73.93016765
CaCr18,2021-09-11T07:18:00Z,11.31002843,-73.93422478
CaCr20,2021-09-11T15:12:00Z,11.30700748,-73.93021857
CaCr18,2021-09-11T15:36:00Z,11.31030545,-73.93432036
CaCr7,2021-09-12T05:40:00Z,11.30215628,-73.92965651
CaCr7,2021-09-13T16:24:00Z,11.3027022,-73.93027729
CaCr11,2021-09-13T17:33:00Z,11.30344,-73.93584
CaCr20,2021-09-13T17:53:00Z,11.30642734,-73.93034178
CaCr18,2021-09-13T18:01:00Z,11.3102391,-73.93440199
CaCr18,2021-09-13T22:09:00Z,11.31043946,-73.93441922
CaCr7,2021-09-13T22:33:00Z,11.30214153,-73.92949462
CaCr20,2021-09-14T15:13:00Z,11.30654832,-73.93024499
CaCr18,2021-09-14T18:22:00Z,11.31045123,-73.93427096
CaCr20,2021-09-14T18:44:00Z,11.30634596,-73.93012386
CaCr7,2021-09-14T19:09:00Z,11.30247978,-73.93094343
CaCr7,2021-09-15T05:13:00Z,11.30219514,-73.9288713
CaCr18,2021-09-15T06:33:00Z,11.31027247,-73.93429611
CaCr20,2021-09-15T16:00:00Z,11.30658473,-73.93032371
CaCr18,2021-09-15T18:03:00Z,11.31053381,-73.93429548
CaCr20,2021-09-15T18:23:00Z,11.30715916,-73.92967707
CaCr20,2021-09-16T06:24:00Z,11.30701332,-73.92939917
CaCr18,2021-09-16T06:39:00Z,11.31086984,-73.93434374
CaCr7,2021-09-16T14:03:00Z,11.3028662,-73.93066415
CaCr18,2021-09-16T15:02:00Z,11.31041595,-73.93428525
CaCr18,2021-09-16T21:46:00Z,11.31007181,-73.93428135
CaCr11,2021-09-17T09:09:00Z,11.3035496,-73.93582496
CaCr20,2021-09-17T09:28:00Z,11.30662444,-73.93028596
CaCr7,2021-09-17T15:14:00Z,11.30360496,-73.93264956
CaCr11,2021-09-17T15:43:00Z,11.30336186,-73.93617392
CaCr20,2021-09-17T16:08:00Z,11.30749897,-73.92994471
CaCr18,2021-09-17T16:19:00Z,11.31057562,-73.9341702
CaCr18,2021-09-17T21:58:00Z,11.31079621,-73.93425445
CaCr11,2021-09-17T22:28:00Z,11.3035473,-73.93586458
CaCr11,2021-09-18T06:39:00Z,11.30178402,-73.93713289
CaCr18,2021-09-18T07:12:00Z,11.31051572,-73.93430345
CaCr7,2021-09-18T17:28:00Z,11.30301307,-73.93059068
CaCr11,2021-09-18T17:42:00Z,11.30345976,-73.93598435
CaCr18,2021-09-18T18:16:00Z,11.310551,-73.93368469
CaCr11,2021-09-19T09:30:00Z,11.3032734,-73.93607029
CaCr18,2021-09-19T09:59:00Z,11.31062512,-73.93407127
CaCr7,2021-09-19T10:48:00Z,11.3025013,-73.92978027
CaCr11,2021-09-19T16:13:00Z,11.30345698,-73.93570986
CaCr18,2021-09-19T16:40:00Z,11.31016354,-73.93428458
CaCr18,2021-09-19T19:42:00Z,11.31057224,-73.93460545
CaCr7,2021-09-19T20:36:00Z,11.30274979,-73.93113802
CaCr7,2021-09-20T05:49:00Z,11.3030613,-73.93155553
CaCr11,2021-09-20T06:20:00Z,11.30273255,-73.93643849
CaCr18,2021-09-20T06:51:00Z,11.31027178,-73.93450737
CaCr7,2021-09-20T15:44:00Z,11.30217759,-73.92977713
CaCr7,2021-09-21T06:25:00Z,11.30261755,-73.93027284
CaCr11,2021-09-21T06:51:00Z,11.30342566,-73.93581036
CaCr18,2021-09-21T07:22:00Z,11.31046807,-73.93426407
CaCr7,2021-09-21T09:25:00Z,11.30261755,-73.93027284
CaCr7,2021-09-21T14:37:00Z,11.30250234,-73.92924676
CaCr11,2021-09-21T15:06:00Z,11.30356714,-73.93583279
CaCr20,2021-09-21T15:25:00Z,11.30715511,-73.92968355
CaCr18,2021-09-21T18:06:00Z,11.31037261,-73.93430523
CaCr7,2021-09-21T18:47:00Z,11.3026691,-73.92989785
CaCr11,2021-09-22T06:34:00Z,11.30344804,-73.93615526
CaCr7,2021-09-22T07:31:00Z,11.30230277,-73.93000162
CaCr7,2021-09-22T14:36:00Z,11.30242485,-73.92976764
CaCr18,2021-09-22T18:39:00Z,11.31085408,-73.93409269
CaCr11,2021-09-22T19:09:00Z,11.30363262,-73.93587389
CaCr7,2021-09-22T19:43:00Z,11.30247126,-73.92967723
CaCr11,2021-09-23T06:45:00Z,11.30344619,-73.93601061
CaCr18,2021-09-23T07:18:00Z,11.31104978,-73.93419125
CaCr11,2021-09-23T17:23:00Z,11.30335384,-73.93593045
CaCr18,2021-09-23T18:01:00Z,11.31078695,-73.93420632
CaCr11,2021-09-24T06:43:00Z,11.30361729,-73.93627883
CaCr11,2021-09-25T06:50:00Z,11.30252398,-73.93554368
CaCr18,2021-09-25T07:20:00Z,11.31032755,-73.93429707
CaCr18,2021-09-25T11:11:00Z,11.31056885,-73.93446727
CaCr11,2021-09-25T11:54:00Z,11.30270836,-73.93558363
CaCr11,2021-09-26T06:38:00Z,11.30337918,-73.93625359
CaCr20,2021-09-26T07:33:00Z,11.30564853,-73.9298184
CaCr11,2021-09-26T15:42:00Z,11.30374331,-73.93570146
CaCr11,2021-09-27T09:04:00Z,11.30224607,-73.93634863
CaCr11,2021-09-27T14:26:00Z,11.30363161,-73.93586296
CaCr11,2021-09-27T18:15:00Z,11.30285329,-73.93655281
CaCr11,2021-09-28T06:30:00Z,11.30362345,-73.93586985
CaCr11,2021-09-29T15:00:00Z,11.3033951,-73.93575795
CaCr18,2021-09-29T15:31:00Z,11.31037917,-73.93439531
CaCr18,2021-09-29T18:42:00Z,11.31048997,-73.93443143
CaCr11,2021-09-29T19:12:00Z,11.30349275,-73.93602108
CaCr11,2021-09-30T06:33:00Z,11.30353763,-73.9356205
CaCr18,2021-09-30T06:58:00Z,11.31047966,-73.93436068
CaCr11,2021-09-30T14:47:00Z,11.303454,-73.93620453
CaCr18,2021-09-30T15:33:00Z,11.31068228,-73.9346231
CaCr11,2021-10-01T07:00:00Z,11.30348517,-73.93624819
CaCr11,2021-10-02T09:12:00Z,11.30335741,-73.93593665
CaCr18,2021-10-02T09:44:00Z,11.31047082,-73.93424869
CaCr18,2021-10-03T06:28:00Z,11.31054183,-73.93431002
CaCr18,2021-10-03T13:59:00Z,11.31010571,-73.93427448
CaCr11,2021-10-04T07:41:00Z,11.30244753,-73.9344502
CaCr11,2021-10-05T10:18:00Z,11.30336394,-73.93612003
CaCr20,2021-10-06T07:49:00Z,11.30747678,-73.93011025
CaCr18,2021-10-06T08:04:00Z,11.31019163,-73.93409827
CaCr11,2021-10-06T09:37:00Z,11.30270948,-73.93649452
CaCr20,2021-10-06T13:10:00Z,11.30820021,-73.9277867
CaCr11,2021-10-06T14:49:00Z,11.30332739,-73.93619103
CaCr11,2021-10-07T15:37:00Z,11.30194131,-73.93746468
CaCr18,2021-10-07T16:15:00Z,11.31006407,-73.93446674
CaCr18,2021-10-07T20:45:00Z,11.31023002,-73.93439341
CaCr11,2021-10-07T21:12:00Z,11.30224139,-73.93623198
CaCr18,2021-10-08T07:45:00Z,11.31004173,-73.93434851
CaCr18,2021-10-08T15:13:00Z,11.31037948,-73.93446427
CaCr18,2021-10-08T20:45:00Z,11.31019146,-73.93427742
CaCr20,2021-10-09T08:23:00Z,11.30695342,-73.93003694
CaCr18,2021-10-09T08:48:00Z,11.31042634,-73.93428368
CaCr18,2021-10-09T14:56:00Z,11.3103463,-73.93424634
CaCr18,2021-10-10T12:32:00Z,11.31009885,-73.9343477
CaCr18,2021-10-10T16:22:00Z,11.31012888,-73.93435301
CaCr18,2021-10-11T07:55:00Z,11.30962,-73.93405
CaCr18,2021-10-11T17:51:00Z,11.30929923,-73.93427274
CaCr18,2021-10-12T08:34:00Z,11.31003658,-73.93425292
CaCr18,2021-10-12T18:29:00Z,11.3107962,-73.9340734
CaCr18,2021-10-13T08:57:00Z,11.31019741,-73.93444443
CaCr18,2021-10-13T19:20:00Z,11.31015,-73.93474
CaCr18,2021-10-14T06:54:00Z,11.3105332,-73.93402318
CaCr18,2021-10-14T18:56:00Z,11.31030165,-73.93440135
CaCr18,2021-10-15T06:41:00Z,11.31002084,-73.93435348
CaCr18,2021-10-15T15:45:00Z,11.31054842,-73.93433492
CaCr18,2021-10-15T19:20:00Z,11.31021604,-73.93429517
CaCr18,2021-10-16T07:27:00Z,11.3102284,-73.93448024
CaCr18,2021-10-16T15:24:00Z,11.31020118,-73.93434096
CaCr18,2021-10-18T06:47:00Z,11.3108063,-73.93436582
CaCr20,2021-10-18T07:02:00Z,11.30681451,-73.92913915
CaCr18,2021-10-18T16:05:00Z,11.31080906,-73.9342849
CaCr18,2021-10-18T19:35:00Z,11.3102,-73.93469
CaCr18,2021-10-19T14:08:00Z,11.31039935,-73.93400956
CaCr18,2021-10-20T07:41:00Z,11.30904138,-73.93382053
CaCr20,2021-10-20T07:51:00Z,11.30768004,-73.93024772
CaCr20,2021-10-20T15:04:00Z,11.30742307,-73.93036088
CaCr18,2021-10-20T18:11:00Z,11.31034844,-73.93424684
CaCr20,2021-10-23T07:16:00Z,11.30681793,-73.93014127
CaCr20,2021-10-23T16:15:00Z,11.30721078,-73.93014666
CaCr20,2021-11-13T06:49:00Z,11.30801321,-73.93037925
CaCr20,2021-11-13T09:43:00Z,11.30760988,-73.92988826
CaCr20,2021-11-13T14:58:00Z,11.30721796,-73.92996473
CaCr20,2021-11-14T06:38:00Z,11.30740008,-73.92991131
CaCr20,2021-11-14T15:29:00Z,11.30717413,-73.9296931
CaCr20,2021-11-14T18:21:00Z,11.307169,-73.92994166
CaCr20,2021-11-15T06:18:00Z,11.30708978,-73.92935398
CaCr20,2021-11-15T10:57:00Z,11.30741193,-73.92988856
CaCr20,2021-11-15T15:23:00Z,11.30721431,-73.92981991
CaCr18,2021-12-02T16:42:00Z,11.31065467,-73.93446531
CaCr18,2021-12-02T19:15:00Z,11.31040086,-73.93413444
CaCr18,2021-12-03T06:52:00Z,11.31054674,-73.93437877
CaCr18,2021-12-03T15:19:00Z,11.31051961,-73.93437909
CaCr18,2021-12-03T18:08:00Z,11.31030681,-73.93440859
CaCr18,2021-12-04T14:48:00Z,11.31038006,-73.93417121
CaCr18,2021-12-04T18:56:00Z,11.31105028,-73.93402867
CaCr18,2021-12-05T09:07:00Z,11.31066145,-73.93428006
CaCr18,2021-12-05T15:31:00Z,11.31046926,-73.93431336
CaCr18,2021-12-05T18:24:00Z,11.31037936,-73.93442872
CaCr18,2021-12-06T14:59:00Z,11.31054719,-73.93430674
CaCr18,2021-12-06T18:32:00Z,11.31051096,-73.93432657
CaCr18,2021-12-07T07:17:00Z,11.31051511,-73.9342871
CaCr18,2021-12-07T17:26:00Z,11.31003656,-73.93421124
CaCr18,2021-12-08T07:24:00Z,11.31030093,-73.9340271
CaCr18,2021-12-08T14:53:00Z,11.31056509,-73.93406768
CaCr18,2021-12-08T18:30:00Z,11.31044993,-73.93424382
CaCr18,2021-12-10T07:11:00Z,11.3101512,-73.93430254
CaCr18,2021-12-10T16:41:00Z,11.31053341,-73.93411579
CaCr18,2021-12-11T07:10:00Z,11.3102009,-73.93407708
CaCr18,2021-12-11T15:42:00Z,11.31032426,-73.93419416
CaCr18,2021-12-11T17:57:00Z,11.31019243,-73.93419642
CaCr18,2021-12-12T07:53:00Z,11.31073359,-73.93407558
CaCr18,2021-12-12T15:27:00Z,11.31010025,-73.93415759
CaCr18,2021-12-14T15:43:00Z,11.31039921,-73.93423819
CaCr18,2021-12-14T18:57:00Z,11.31009743,-73.9342114
CaCr18,2021-12-15T07:24:00Z,11.31052876,-73.93398932
CaCr18,2021-12-16T07:17:00Z,11.31012698,-73.93419733
CaCr18,2021-12-16T18:20:00Z,11.31066658,-73.93437074
CaCr18,2021-12-17T08:15:00Z,11.31042872,-73.93437825
CaCr18,2021-12-17T15:12:00Z,11.31049742,-73.93432664
CaCr18,2021-12-17T17:59:00Z,11.31063987,-73.93409204
CaCr18,2021-12-18T08:00:00Z,11.31035,-73.93417
CaCr18,2021-12-18T15:26:00Z,11.31031781,-73.93402669
CaCr18,2021-12-18T18:13:00Z,11.3104813,-73.93406362
CaCr18,2021-12-19T06:02:00Z,11.31095235,-73.93402663
CaCr18,2021-12-19T14:31:00Z,11.31053189,-73.93380018
CaCr18,2021-12-21T16:02:00Z,11.3105197,-73.93427092
CaCr18,2021-12-21T18:26:00Z,11.31073759,-73.93391515
CaCr18,2021-12-22T07:16:00Z,11.31021766,-73.93403978
CaCr18,2021-12-22T15:45:00Z,11.31021318,-73.9341505
CaCr18,2021-12-22T18:57:00Z,11.31031357,-73.93405342
CaCr18,2021-12-23T07:56:00Z,11.31016147,-73.93406924
CaCr18,2021-12-23T15:13:00Z,11.31024104,-73.93403737
CaCr18,2021-12-23T18:36:00Z,11.31019336,-73.93421713
CaCr18,2021-12-24T06:54:00Z,11.31044962,-73.93415266
CaCr18,2021-12-24T15:39:00Z,11.31047125,-73.93407748
CaCr18,2021-12-25T08:06:00Z,11.31046909,-73.93394114
CaCr18,2021-12-25T15:42:00Z,11.31037,-73.93423
CaCr18,2021-12-26T15:32:00Z,11.31048,-73.9342
CaCr18,2021-12-26T19:08:00Z,11.31053889,-73.93374126
CaCr18,2021-12-27T16:41:00Z,11.31046,-73.93423
CaCr18,2021-12-28T15:17:00Z,11.31052,-73.93417
CaCr18,2021-12-29T08:15:00Z,11.31052,-73.93417
CaCr18,2021-12-29T16:30:00Z,11.31052,-73.93417
CaCr18,2021-12-30T06:32:00Z,11.31052,-73.93417
CaCr18,2021-12-30T13:15:00Z,11.31052,-73.93417
CaCr18,2021-12-30T19:45:00Z,11.31052,-73.93417
CaCr18,2021-12-31T07:15:00Z,11.31052,-73.93417
CaCr18,2021-12-31T15:11:00Z,11.31052,-73.93417
CaCr18,2022-01-01T06:05:00Z,11.31052,-73.93417
CaCr18,2022-01-01T13:50:00Z,11.31052,-73.93417
CaCr18,2022-01-01T18:15:00Z,11.31052,-73.93417
CaCr18,2022-01-02T14:29:00Z,11.31052,-73.93417
CaCr18,2022-01-02T20:50:00Z,11.31052,-73.93417
CaCr18,2022-01-03T05:50:00Z,11.31052,-73.93417
CaCr18,2022-01-03T13:15:00Z,11.31052,-73.93417
CaCr18,2022-01-03T21:51:00Z,11.31052,-73.93417
CaCr18,2022-01-04T07:32:00Z,11.31052,-73.93417
CaCr18,2022-01-04T13:34:00Z,11.31052,-73.93417
CaCr18,2022-01-05T02:00:00Z,11.31052,-73.93417
CaCr18,2022-01-05T07:10:00Z,11.31052,-73.93417
CaCr18,2022-01-05T14:37:00Z,11.31052,-73.93417
CaCr18,2022-01-05T17:45:00Z,11.31052,-73.93417
CaCr18,2022-01-06T03:05:00Z,11.31052,-73.93417
CaCr18,2022-01-06T13:45:00Z,11.31052,-73.93417
CaCr18,2022-01-06T20:19:00Z,11.31052,-73.93417
CaCr18,2022-01-07T02:05:00Z,11.31052,-73.93417
CaCr18,2022-01-07T14:11:00Z,11.31052,-73.93417
CaCr18,2022-01-07T19:40:00Z,11.31052,-73.93417
CaCr18,2022-01-08T07:49:00Z,11.31052,-73.93417
CaCr18,2022-01-08T14:00:00Z,11.31052,-73.93417
CaCr18,2022-01-09T07:57:00Z,11.31052,-73.93417
